-- --------------------------------------------------------
-- Host:                         127.0.0.1
-- Server version:               10.4.32-MariaDB - mariadb.org binary distribution
-- Server OS:                    Win64
-- HeidiSQL Version:             12.1.0.6537
-- --------------------------------------------------------

/*!40101 SET @OLD_CHARACTER_SET_CLIENT=@@CHARACTER_SET_CLIENT */;
/*!40101 SET NAMES utf8 */;
/*!50503 SET NAMES utf8mb4 */;
/*!40103 SET @OLD_TIME_ZONE=@@TIME_ZONE */;
/*!40103 SET TIME_ZONE='+00:00' */;
/*!40014 SET @OLD_FOREIGN_KEY_CHECKS=@@FOREIGN_KEY_CHECKS, FOREIGN_KEY_CHECKS=0 */;
/*!40101 SET @OLD_SQL_MODE=@@SQL_MODE, SQL_MODE='NO_AUTO_VALUE_ON_ZERO' */;
/*!40111 SET @OLD_SQL_NOTES=@@SQL_NOTES, SQL_NOTES=0 */;


-- Dumping database structure for tiendaweb
CREATE DATABASE IF NOT EXISTS `tiendaweb` /*!40100 DEFAULT CHARACTER SET utf8mb4 COLLATE utf8mb4_general_ci */;
USE `tiendaweb`;

-- Dumping structure for table tiendaweb.carrito_compras
CREATE TABLE IF NOT EXISTS `carrito_compras` (
  `id_carrito` int(11) NOT NULL AUTO_INCREMENT,
  `id_usuario` int(11) DEFAULT NULL,
  `fecha_creacion` timestamp NOT NULL DEFAULT current_timestamp(),
  PRIMARY KEY (`id_carrito`),
  KEY `id_usuario` (`id_usuario`),
  CONSTRAINT `carrito_compras_ibfk_1` FOREIGN KEY (`id_usuario`) REFERENCES `usuarios` (`id_usuario`)
) ENGINE=InnoDB AUTO_INCREMENT=3 DEFAULT CHARSET=utf8mb4 COLLATE=utf8mb4_general_ci;

-- Dumping data for table tiendaweb.carrito_compras: ~2 rows (approximately)
INSERT INTO `carrito_compras` (`id_carrito`, `id_usuario`, `fecha_creacion`) VALUES
	(1, 3, '2024-11-03 05:49:56'),
	(2, 4, '2024-11-03 05:49:56');

-- Dumping structure for table tiendaweb.categorias
CREATE TABLE IF NOT EXISTS `categorias` (
  `id_categoria` int(11) NOT NULL AUTO_INCREMENT,
  `nombre_categoria` varchar(100) NOT NULL,
  PRIMARY KEY (`id_categoria`)
) ENGINE=InnoDB AUTO_INCREMENT=9 DEFAULT CHARSET=utf8mb4 COLLATE=utf8mb4_general_ci;

-- Dumping data for table tiendaweb.categorias: ~5 rows (approximately)
INSERT INTO `categorias` (`id_categoria`, `nombre_categoria`) VALUES
	(1, 'Laptops'),
	(2, 'Telefonos'),
	(3, 'Cámaras'),
	(4, 'Relojes Inteligentes'),
	(6, 'Mouse'),
	(7, 'Televisón'),
	(8, 'Auriculares');

-- Dumping structure for table tiendaweb.cotizaciones
CREATE TABLE IF NOT EXISTS `cotizaciones` (
  `id_cotizacion` int(11) NOT NULL AUTO_INCREMENT,
  `id_usuario` int(11) DEFAULT NULL,
  `fecha_cotizacion` date DEFAULT NULL,
  `total` decimal(10,2) DEFAULT NULL,
  PRIMARY KEY (`id_cotizacion`),
  KEY `id_usuario` (`id_usuario`),
  CONSTRAINT `cotizaciones_ibfk_1` FOREIGN KEY (`id_usuario`) REFERENCES `usuarios` (`id_usuario`)
) ENGINE=InnoDB AUTO_INCREMENT=3 DEFAULT CHARSET=utf8mb4 COLLATE=utf8mb4_general_ci;

-- Dumping data for table tiendaweb.cotizaciones: ~2 rows (approximately)
INSERT INTO `cotizaciones` (`id_cotizacion`, `id_usuario`, `fecha_cotizacion`, `total`) VALUES
	(1, 3, '2024-09-15', 2500.00),
	(2, 4, '2024-09-16', 800.00);

-- Dumping structure for table tiendaweb.descuentos
CREATE TABLE IF NOT EXISTS `descuentos` (
  `id_descuento` int(11) NOT NULL AUTO_INCREMENT,
  `nombre` varchar(100) NOT NULL,
  `descripcion` text DEFAULT NULL,
  `porcentaje` decimal(5,2) NOT NULL CHECK (`porcentaje` >= 0 and `porcentaje` <= 100),
  `estado` tinyint(4) NOT NULL DEFAULT 1,
  `created_at` timestamp NOT NULL DEFAULT current_timestamp(),
  `updated_at` timestamp NOT NULL DEFAULT current_timestamp() ON UPDATE current_timestamp(),
  PRIMARY KEY (`id_descuento`)
) ENGINE=InnoDB AUTO_INCREMENT=5 DEFAULT CHARSET=utf8mb4 COLLATE=utf8mb4_general_ci;

-- Dumping data for table tiendaweb.descuentos: ~4 rows (approximately)
INSERT INTO `descuentos` (`id_descuento`, `nombre`, `descripcion`, `porcentaje`, `estado`, `created_at`, `updated_at`) VALUES
	(1, 'Sin Descuento', 'Sin Descuento', 0.00, 1, '2024-11-17 21:59:21', '2024-11-19 00:23:08'),
	(2, 'Descuento del 5%', 'Cada producto tendra un descuento del 5%', 5.00, 1, '2024-11-19 00:23:34', '2024-11-19 00:23:34'),
	(3, 'Descuento actualizado', 'Actualización de la descripción del descuento', 15.00, 1, '2024-11-21 08:27:02', '2024-11-21 09:46:41'),
	(4, 'Descuento del 8%', 'Este descuento le restara e 8% del precio del producto', 8.00, 1, '2024-11-21 09:47:21', '2024-11-21 09:58:36');

-- Dumping structure for table tiendaweb.detalle_carrito
CREATE TABLE IF NOT EXISTS `detalle_carrito` (
  `id_detalle` int(11) NOT NULL AUTO_INCREMENT,
  `id_carrito` int(11) DEFAULT NULL,
  `id_producto` int(11) DEFAULT NULL,
  `cantidad` int(11) DEFAULT NULL,
  PRIMARY KEY (`id_detalle`),
  KEY `id_carrito` (`id_carrito`),
  KEY `id_producto` (`id_producto`),
  CONSTRAINT `detalle_carrito_ibfk_1` FOREIGN KEY (`id_carrito`) REFERENCES `carrito_compras` (`id_carrito`),
  CONSTRAINT `detalle_carrito_ibfk_2` FOREIGN KEY (`id_producto`) REFERENCES `productos` (`id_producto`)
) ENGINE=InnoDB AUTO_INCREMENT=3 DEFAULT CHARSET=utf8mb4 COLLATE=utf8mb4_general_ci;

-- Dumping data for table tiendaweb.detalle_carrito: ~0 rows (approximately)

-- Dumping structure for table tiendaweb.detalle_cotizaciones
CREATE TABLE IF NOT EXISTS `detalle_cotizaciones` (
  `id_detalle` int(11) NOT NULL AUTO_INCREMENT,
  `id_cotizacion` int(11) DEFAULT NULL,
  `id_producto` int(11) DEFAULT NULL,
  `cantidad` int(11) DEFAULT NULL,
  `precio_unitario` decimal(10,2) DEFAULT NULL,
  PRIMARY KEY (`id_detalle`),
  KEY `id_cotizacion` (`id_cotizacion`),
  KEY `id_producto` (`id_producto`),
  CONSTRAINT `detalle_cotizaciones_ibfk_1` FOREIGN KEY (`id_cotizacion`) REFERENCES `cotizaciones` (`id_cotizacion`),
  CONSTRAINT `detalle_cotizaciones_ibfk_2` FOREIGN KEY (`id_producto`) REFERENCES `productos` (`id_producto`)
) ENGINE=InnoDB AUTO_INCREMENT=3 DEFAULT CHARSET=utf8mb4 COLLATE=utf8mb4_general_ci;

-- Dumping data for table tiendaweb.detalle_cotizaciones: ~0 rows (approximately)

-- Dumping structure for table tiendaweb.detalle_ventas
CREATE TABLE IF NOT EXISTS `detalle_ventas` (
  `id_detalle` int(11) NOT NULL AUTO_INCREMENT,
  `cantidad` int(11) DEFAULT NULL,
  `precio_unitario` decimal(20,2) DEFAULT NULL,
  `precio_total` decimal(20,2) DEFAULT NULL,
  `id_inventario` int(11) DEFAULT NULL,
  `id_venta` int(11) DEFAULT NULL,
  PRIMARY KEY (`id_detalle`),
  KEY `FK_detalle_ventas_inventario` (`id_inventario`),
  KEY `fk_detalle_ventas_venta` (`id_venta`),
  CONSTRAINT `FK_detalle_ventas_inventario` FOREIGN KEY (`id_inventario`) REFERENCES `inventario` (`id_inventario`) ON DELETE NO ACTION ON UPDATE NO ACTION,
  CONSTRAINT `fk_detalle_ventas_venta` FOREIGN KEY (`id_venta`) REFERENCES `ventas` (`id_venta`) ON DELETE CASCADE ON UPDATE CASCADE
) ENGINE=InnoDB AUTO_INCREMENT=33 DEFAULT CHARSET=utf8mb4 COLLATE=utf8mb4_general_ci;

-- Dumping data for table tiendaweb.detalle_ventas: ~15 rows (approximately)
INSERT INTO `detalle_ventas` (`id_detalle`, `cantidad`, `precio_unitario`, `precio_total`, `id_inventario`, `id_venta`) VALUES
	(16, 1, 7500.00, 7500.00, 47, 21),
	(17, 2, 9500.00, 19000.00, 50, 22),
	(18, 1, 11200.00, 11200.00, 45, 22),
	(19, 1, 249.99, 249.99, 46, 23),
	(20, 1, 249.99, 249.99, 46, 24),
	(21, 1, 11200.00, 11200.00, 49, 25),
	(22, 1, 360.00, 360.00, 48, 25),
	(23, 1, 2400.00, 2400.00, 52, 26),
	(24, 1, 9500.00, 9500.00, 39, 27),
	(25, 2, 249.99, 499.98, 46, 27),
	(26, 1, 7500.00, 7500.00, 47, 28),
	(27, 1, 11200.00, 11200.00, 49, 28),
	(28, 1, 11200.00, 11200.00, 49, 29),
	(29, 3, 249.99, 749.97, 46, 30),
	(30, 1, 9500.00, 9500.00, 39, 30),
	(31, 1, 7585.25, 7585.25, 53, 31),
	(32, 2, 2400.00, 4800.00, 52, 31);

-- Dumping structure for table tiendaweb.estudiantes
CREATE TABLE IF NOT EXISTS `estudiantes` (
  `id` bigint(20) unsigned NOT NULL AUTO_INCREMENT,
  `created_at` timestamp NULL DEFAULT NULL,
  `updated_at` timestamp NULL DEFAULT NULL,
  PRIMARY KEY (`id`)
) ENGINE=InnoDB DEFAULT CHARSET=utf8mb4 COLLATE=utf8mb4_unicode_ci;

-- Dumping data for table tiendaweb.estudiantes: ~0 rows (approximately)

-- Dumping structure for table tiendaweb.inventario
CREATE TABLE IF NOT EXISTS `inventario` (
  `id_inventario` int(11) NOT NULL AUTO_INCREMENT,
  `id_tienda` int(11) DEFAULT NULL,
  `id_producto` int(11) DEFAULT NULL,
  `existencia` int(11) DEFAULT NULL,
  `created_at` timestamp NULL DEFAULT current_timestamp(),
  `updated_at` timestamp NULL DEFAULT current_timestamp() ON UPDATE current_timestamp(),
  PRIMARY KEY (`id_inventario`),
  KEY `id_tienda` (`id_tienda`),
  KEY `id_producto` (`id_producto`),
  CONSTRAINT `inventario_ibfk_1` FOREIGN KEY (`id_tienda`) REFERENCES `tiendas` (`id_tienda`),
  CONSTRAINT `inventario_ibfk_2` FOREIGN KEY (`id_producto`) REFERENCES `productos` (`id_producto`)
) ENGINE=InnoDB AUTO_INCREMENT=54 DEFAULT CHARSET=utf8mb4 COLLATE=utf8mb4_general_ci;

-- Dumping data for table tiendaweb.inventario: ~10 rows (approximately)
INSERT INTO `inventario` (`id_inventario`, `id_tienda`, `id_producto`, `existencia`, `created_at`, `updated_at`) VALUES
	(37, 1, 79, 19, '2024-11-15 07:43:14', '2024-11-18 00:52:11'),
	(39, 3, 82, 2, '2024-11-15 09:39:52', '2024-11-21 01:56:36'),
	(45, 4, 84, 4, '2024-11-15 10:54:23', '2024-11-19 06:35:44'),
	(46, 3, 81, 11, '2024-11-15 10:54:38', '2024-11-21 01:56:36'),
	(47, 2, 80, 4, '2024-11-15 10:55:01', '2024-11-21 01:22:20'),
	(48, 2, 85, 6, '2024-11-15 10:55:20', '2024-11-20 16:20:52'),
	(49, 2, 84, 2, '2024-11-16 08:15:42', '2024-11-21 01:40:11'),
	(50, 4, 82, 8, '2024-11-16 08:28:10', '2024-11-19 06:35:44'),
	(51, 1, 84, 2, '2024-11-18 00:22:43', '2024-11-18 00:40:39'),
	(52, 5, 83, 7, '2024-11-18 00:29:27', '2024-11-21 02:01:45'),
	(53, 5, 79, 0, '2024-11-21 06:49:33', '2024-11-21 02:01:45');

-- Dumping structure for table tiendaweb.logs
CREATE TABLE IF NOT EXISTS `logs` (
  `id_log` int(11) NOT NULL AUTO_INCREMENT,
  `id_usuario` int(11) DEFAULT NULL,
  `accion` varchar(255) DEFAULT NULL,
  `fecha_hora` timestamp NOT NULL DEFAULT current_timestamp(),
  PRIMARY KEY (`id_log`),
  KEY `id_usuario` (`id_usuario`),
  CONSTRAINT `logs_ibfk_1` FOREIGN KEY (`id_usuario`) REFERENCES `usuarios` (`id_usuario`)
) ENGINE=InnoDB AUTO_INCREMENT=3 DEFAULT CHARSET=utf8mb4 COLLATE=utf8mb4_general_ci;

-- Dumping data for table tiendaweb.logs: ~2 rows (approximately)
INSERT INTO `logs` (`id_log`, `id_usuario`, `accion`, `fecha_hora`) VALUES
	(1, 1, 'Modificación en factura de venta 1', '2024-11-03 05:49:56'),
	(2, 2, 'Creación de nuevo producto en inventario', '2024-11-03 05:49:56');

-- Dumping structure for table tiendaweb.migrations
CREATE TABLE IF NOT EXISTS `migrations` (
  `id` int(10) unsigned NOT NULL AUTO_INCREMENT,
  `migration` varchar(255) NOT NULL,
  `batch` int(11) NOT NULL,
  PRIMARY KEY (`id`)
) ENGINE=InnoDB AUTO_INCREMENT=6 DEFAULT CHARSET=utf8mb4 COLLATE=utf8mb4_unicode_ci;

-- Dumping data for table tiendaweb.migrations: ~5 rows (approximately)
INSERT INTO `migrations` (`id`, `migration`, `batch`) VALUES
	(1, '2014_10_12_000000_create_users_table', 1),
	(2, '2014_10_12_100000_create_password_reset_tokens_table', 1),
	(3, '2019_12_14_000001_create_personal_access_tokens_table', 1),
	(4, '2024_10_27_043334_create_estudiantes_table', 1),
	(5, '2024_10_28_005933_create_parcial3s_table', 1);

-- Dumping structure for table tiendaweb.productos
CREATE TABLE IF NOT EXISTS `productos` (
  `id_producto` int(11) NOT NULL AUTO_INCREMENT,
  `nombre_producto` varchar(100) NOT NULL,
  `descripcion` text DEFAULT NULL,
  `marca` varchar(100) DEFAULT NULL,
  `modelo` varchar(100) DEFAULT NULL,
  `fotografia_url` longtext DEFAULT NULL,
  `precio` decimal(10,2) DEFAULT NULL,
  `estado` tinyint(4) DEFAULT 0,
  `id_categoria` int(11) DEFAULT NULL,
  `id_descuento` int(11) DEFAULT NULL,
  `created_at` timestamp NULL DEFAULT current_timestamp(),
  `updated_at` timestamp NULL DEFAULT current_timestamp() ON UPDATE current_timestamp(),
  PRIMARY KEY (`id_producto`),
  KEY `id_categoria` (`id_categoria`),
  KEY `fk_productos_descuentos` (`id_descuento`),
  CONSTRAINT `fk_productos_descuentos` FOREIGN KEY (`id_descuento`) REFERENCES `descuentos` (`id_descuento`),
  CONSTRAINT `productos_ibfk_1` FOREIGN KEY (`id_categoria`) REFERENCES `categorias` (`id_categoria`)
) ENGINE=InnoDB AUTO_INCREMENT=86 DEFAULT CHARSET=utf8mb4 COLLATE=utf8mb4_general_ci;

-- Dumping data for table tiendaweb.productos: ~7 rows (approximately)
INSERT INTO `productos` (`id_producto`, `nombre_producto`, `descripcion`, `marca`, `modelo`, `fotografia_url`, `precio`, `estado`, `id_categoria`, `id_descuento`, `created_at`, `updated_at`) VALUES
	(79, 'Tv Smart', 'Es una tv smart de 55 pulgadas', 'Smart', 'TV02-74BM SI', '/9j/4AAQSkZJRgABAQAAAQABAAD/2wCEAAkGBxISEhUTExAWFRUVFxgYFhUWFRUWGBYVGBUWGBYYFhUYHSggGBolHRUVITEhJikrLi4uFx8zODMsNygtLysBCgoKDg0OGxAQGy4lICYrLS0tLS0tLS0tLS0tLS0vLS0tLS0tLS0tLS0tLS0tLS0tLS0tLS0tLS0tLS0tLS0tLf/AABEIAMkA+wMBEQACEQEDEQH/xAAcAAEAAgMBAQEAAAAAAAAAAAAABAUCAwYHAQj/xABLEAABAwIDBAYDCgwEBwEAAAABAAIDBBESITEFBkFREyJhcYGhMpGxByMzQlJzdILB0RQ0YnKSorKztMLw8WODk+EVJUNEhKPSJP/EABsBAQACAwEBAAAAAAAAAAAAAAADBAECBQYH/8QANBEAAgIBAwMBBgQGAgMAAAAAAAECAxEEEiEFMUFREyIyYXHBFIGRsQYjM1Kh0TRCFUPw/9oADAMBAAIRAxEAPwD3FAEAQBAEAQBAEAQBAEAQBAEAQBAEAQBAEAQBAEAQBAEAQBAEAQBAEAQBAEAQBAEAQBAEAQBAEAQBAEAQBAEAQBAEAQBAEAQBAEAQBAEAQBAEAQBAEAQHFUO+FVLJMI6GN7IZXRE/hOB5IANwx0eG1nD4wUVl0IPEjaMG+xPj3rkHwuzKtna0QTj/ANMrneSK6t9mHFozG/FCPhJJIef4RBPAB9aVgHmpFJPya4LGg3go5/gauCT8yVjvIFZBZAoAgCAIAgCAIAgCAIAgCAIAgCAIAgCAIAgCAIAgCAIAgCAIDzncj0q76ZJ+7jXN1vxL6FinsdZHC4i4BsoI1TaykbuSTPmfC6KL8GeCFV7Kp5haWnhl+ciY/wDaBW0ZSXZhxiytm3XpWn3uIw8uglmp7eEL2hdGiblHk2jTCS7H0bNlbbotoVbLc5I5vWZ43k+tTmHpo+DKes2jEMTayKQC1xLS9Y/XilaB+iodRaqYObWRDRucsJmuLfCtB61JTvHNlRIw/oOiI/WVKPVKZcNMkl0y1dmi1ZvXIDaTZtSPymOppW+psuP9VdIpOqa8G1m+dJ8czRW16WmqIwPruZh80NHFomUO8tFN8FWwSHk2aMn1A3QwWgKA+oAgCAIAgCAIAgCAIAgCAIAgCAIAgCAIAgPOtx9a76ZJ+7jXP1a95fQnq7HbUrSWt7zhI1ac9exSUpuCRrPGT7TdUd77eS2q91c+WJciBmThb4xHkUrisNfMSfKZorWNsy4tZwBI1tYE/apq0ksElUpZeDGSBuJoDbAnUG4LeFjzUptGyW18kepoA8BtyMbnNvraxyUV1atg4PyS16iUHu9EU/8Awghws/EOlawZWuCwPDr35Gy4cdBtsTzxuX7ZL6126PK8N/Yt56ct4gjMXHMaheiKELNxrCG5V7SpGPeRJG14c0ZPa1wJBIPpDkWrldR3RcZJk1UYtYaNVHu9ShvUgbFnrCXQH1wlq8/qOo6qqfuzeCKyivPYks2Y5gtHWVcf+f038SJFmHXtSviw/wAiF6aPg34q5o6lc13z9M19/wDRfF7F7CqXtIKfqskX4f5m07Wr2/8ARpZeZ6WaD1Do5Pat8GrokbhvJKMn7Pm745Kd7R+lI136qYNHVNeDY3eynvZ7KiM/l0tRh/1Aws80wa7WvBIpt56GR2BlbAX/ACOlYHjvYTcepYNS1Y4EXBBHMID6gCAIAgCAIAgCAIAgCAIAgPOdxta76ZJ+7jVHVL3kTVdjq2vI0JChi2uxI0jMPOWemY71umzGEZtlPPjfxWynIbUfXTEg6a4vFSwm88mVFZMHVOlm2s7FrqfsVo3VOM8murrWsAfhNmkkjK5ueC0tsVcHN+DNdEpNxzyyFs+uY9rBY4mOxHLIgYmt8bEepUtFqIX8eUS26adbb8NYJ1UWnSxN3Em1sicgea6SIalJPk0WWSUibQbmw9pb4EX/AJAqWvr3VZ9CWp8ijeMxftXk9bp5zcdqyb2dza+YBQR6Zc1l8EZtC9j0ue7SQfyx+hGfV0AfEMnxDJrmjDx1gHDk4XHqKGMLyVv/AAOmBJbTxscdXRtETj9aOx80wY9lB+DJlIWfB1NSz/Pkkt4Tl48ljCMPTQZsbVVjB1awvPOaGJ/r6Hok2o0/CLwzoN3aySaAOlwl4fIxxY0sacEjmXDXOcW3Db2uVoynOO14LNDUIAgCAIAgCAIAgCA853E1rvpsn7uNVNSuUTVdjqgoEiQzC3SMALODKMmlZXBk0EK7EnXYr9tSAR2vqQPVn9io9Tlt07+ZZ0sW7CNscgBx7h6lX6NV7kpfMl1kuUiwM55LuKBRPmNx/q3mtkooPgq9s1bRG4jrFoxa5dXrHrZ8AdAt5af2sdr4yRfilB8clfsN0zqh2J148LgA1tmg3BBLjck2HPjouTr69Ppqdy7/AOSSNk5vL7HSdG0arzlmq1FvFMML1ZIb2HJdnom5UShLupMjfcysuyDEhDJ8KGyNUsthpe5/ugSyzAuGXbp/XihsYOQ3RqehlFzul+Ln56o/iJFpLucm742XKwRhAEAQBAEAQBAEAQHnO4Wtd9Nk/YjVa/uiWvsdUocEhkFsD6smUa5X2WcGyIsjiT3q5VzEkiVe1/Sa2+gufHT2ea4fWbuYwX1Olo1hNk2gha2IOcbDUkmwGfEro9Ng46eKXnkraqxObbItVt2FmTOsedsv9/JdeGmm+5zp6qK7EBtZNOeqwkcybMHgNfMqxshWQbrLXwT2bOGEmR1wRY5WaLj1n1+CidjfESeFMYcyKim2v75E1tjm0OJPoguLDhaO0O1touXd05quU7GWpamL92B04i4krzluuivdqjuf+DfJuiItkrXRZWe0sViw3h/Y0l3MwV6EwZObldDGeTUUN0VVftSOOWKJ5IdMXNjyyu0YnXPDgO9YJYxbWUb49SPkjLuJ/wBgshozKwZSNb1kyXG6X4ufnqj+IkWj7nJu+NlysEYQBAEAQBAEAQBAEB5vuBrXfTZf2I1Xu7olrOsCjwSGQWQZtC2SMGqpbks4N0apXta3PhdTwkoxbZvWnKWEcvU1Bc4u+Uf7eS8ldP8AEXN+r4O9CCrhj0IdVBLJbE7IaAnIdwC+h0QhVBRiuyPH3SnZNtsudn7BiY0PkdiyBzs1gvz5+Khs1E28RLVWmhGO6RhV7yQsJZEMRbkTbqjIHLnr2LaGmnLmRmeojFe6RoxNUHEcm8HP0+qwW+7tUj2V8IjULLXnwZzU7I5RbN7mWDhYEOBuTYc28OOAd6q3J2rY+zLcVCqDfktoHuebFpA53uOOvLTtXIn0z2Mf5bz8jFd+59iXC0DK65mhletZ/NhtTTSJHJPsbQvSAydlccFgwapTYX/rsQ3XJyW/Fc2FtM7A1zhJfERdzQDd5b2nLyWN+06Wgodjn9CfQ7ShnuWSWtbUYS0uF265G4acu1bxl6EF2ltrayiVFVDF0biA+1xyeObefaOCSj5RGsm560Mot90vgD89UfxEi1fc5F3xsuVgjCAIAgCAIAgCAIAgPNvc+P4/9Ol/YjUFvdElZ1l1GSmbCtsBmd1kwZRNv3LdIy+Dn9v1Nj0Y8fuXI6lqsfyo/mdXQUf+xlQXWBNr2BPgBc+QKo9Nr9pq4RfqWdXJxplJehAlr3uOWXcF9GUUjxzsb7EmnoqiewN8LcgXGwb4c1HKddfPklrjbbx4LCm2PBTvc+RwJIacTshcXBwt55DtVaV9lnEex0IU11xzIyfthr3YYyRfIEAlx8eHh61sqHFZkQW6lviBKGy7YXuPx2359Y4deXXOfeo96TeCSNb8+hJqATeOO4uPS4g5jqtt2a/3WY47yIbLZfDWaNk7L/B3EvkvJINLjO2ZPMlYvs9olhdjbTU+zeW8tlqFXLpnLqsGER5Tnbln932oSRPNPdAqDJUYAfg2hv1nZn2t9Shs74PU9Lp26Zzfn7EbZ84DZyfREkdu607R/KpanyyWyt+0qS9H9mQqnbL4TI1tj0rADe925ixaQcjkq2r1DrlhE8tLXZtzw4vP1+pv3d3nMcoM0kvRgG4vjFzpe5vbXRQV6xL4yHV6D2kH7NLP6Hr+5FS2SlEjDdrpZyDYjLp5OBVxSUllHg9VXKu2UJd0y/WSAIAgCAIAgCAIAgCA809z0/j/ANOl/YjUNnckrOtWhKbI1sA5yykEiPtDaQibhbm8+XeqOt10aVtj8Ra0+mdry+xyj3XcScyvOtt8s7sViOEWGxoQ95va1jkeN8vvXV6NBu9y9EU9bLFeCLLB0d2gC4JGobobcV7eMtyyzyk2oto+UtZUNDg2MG9rEEOtrc2Bz4LE64SabZtXqZRTSREOxqmaVkkhLQQ5pc7MnRwDW/VPILLvrqjhFiuqduXJlxipqXK4L7Z59Y99tB2D1Kuva28+CVuuhcdz7LM6SHG0mxDncQAWHkfzRYLOFBtMjq32yz4ZPl2j0WQGJxyJ4DkSPsGeawob+Rbipe7yzNlC1zmzPdZ4ybfK+IWwkcs9FrKfG2PYjri4yU5skWsoDo+Da4gG5zWDXGVwa64tDC/IADEeGQGfksG1Te7azxirn6Vznk5vcXHMZXN/JVkt0z3tSjXWoZ7I2bPZ71OL2s1jvBrjn+spocSZHfbBX1tP1/Y5mWbG4m/b4Bcm2TnJyJHOLlnJi2dttfJRODN46qtI989yh19mQkfLn/iJV1qFitHzzqct2qm/mdcpSiEAQBAEAQBAEAQBAeZe54fx/wCnS/sRqOwkrOuWmCUwlqGs9JwCjsuhWveZLXTOfZFTV7ZvlGPrH7AuVqOpN8V/qdOnQY5mVr3E5k3JXHbbeWXUkuEYFZRuWGyZgy5JF+0r03Q6n7OU/VnN10k2otn3alVGyQuJHWAPpZcjYDuv4r0dSconmtWoQnlvuatn7cY+QNbE54B6xDcgOZvZZsqajyyGm2Dmscm/au15XWbHG5tntzORILsJw2vYWcc/Yo66o95Mns1Ut22CJUOz2AY52stqQbEDvJGaSsfaBJXVhbrDVLXRvuGEYLBtg062PogaXHs4LCg/+xur5P4SpdtD8HiDnDE5rWi17uLrAE3vzOuf2KxGve8ENtypW58sh7MdVVMrZXOLWhwwhosD1hYAHQc3HX2SWKFcHFFOqV2ompz4R120pSDdpNtNSb9uaoVxT4Z2ZNxjwQnzuOrj61LsRFvfqZ0U1+kYc7tFr8cyHeTmqO2OOxPS/eycHX7LMEkrfigAs7nG49QY8eChprxZk9bRqlbCPr5/Ioa6s6OKVo9KVgj7m42OcfU231lDq7PZxcfLJp075Rl6f6OchGp5gjyXHZZrj3fyNYatiNRP0J7kg/5XB+dP/ESrpU/AjxHUP+TP6nYKQphAEAQBAEAQBAEAQHjG69fJG+tDHWBrJScgc7NH2BcnqOosqlFRfg7XS9PXbCTkvJdv2lK7WQ+GXsXJlq7pd5HVjpao9omkknMknvzVeTb7kuEuxm0LRmGbCVg0R8KIGcTV7rpUNmlivXk85rpbrmR9pQxvwdK8taDYZ2acXBz79XMC3frz6cJyXY5WqqjNLd4JZrWwMIDA1jQSeqGtA4lzj7Vq4uXc1UdvZGjaG8RMR6JoaHMv0r74jll0bD8XXrus3iBIFGqXKWC2pxgkyHLtWWq62DC35bxcN/MYdT2m1u1WFXGshdzueI9jW6ubBdsQxOzxk5m9ssTufZwGQspFDdyyrbqlU8R5fky2Xs18rjLNmLWDT8a/C3Bo1txy5pOaitsSKimdkvaWF1UvlaB0QGO9m8h1Tnbs19SrvDXvHRjlfCW7oyWWOthfvt96rJ4lwXmsxwQhF2+SnyVB0GYIJB0vl9y1fPc2jNrsfZtnMlb1xisbi5dytz7SopNrsWqNROPZnkW9s8b6l4iYGxx9QACwJHpOPjfPkAuJqrnOz6HtOn0yVKc3lvkqoxlbtPsVRs6UIrGDDAtskexHvvuUD/lkP50/8RKurT/TR8/6l/yp/U65SlEIAgCAIAgCAIAgCA8O3f8AhK36XL/KuF1f44/T7noOj/05fX7F2FyDrmYWGas2NWGaMzC1MHzXJbwjlpGreFkmSR2zHivoVKUYKPojy9rzJsh18WON7eYNu8ZjzAViDw0ypdDfBxOdpZ2NDQ68pbmxrn9SPi3K1sQyte5bfKwVhw3PKOfHUeyrW/lljSw9PeSR92tJ6votBABufDjrrmBktZe5wu4qk9Qt83wvH+zTtHa4+DhyGmIC3g0cB2+xbwqx70jE75WP2VCJ+7FAxhN3BxexzctG5Yg23K7Rn4crw32buxbo6fOnmxcsvsNsr3UGck5GqZ3NcAwXeRZvLrHWw19HRPqbRk127lvRseI2h5u8NGI83WzUEsZ4Lcc457kWplDHW8VJHlEEoPJGfWHgLea32mVWvJrdO6wufu1/r+r31wWIxXhHG7wSQPcWRxB8ty0nDbCRrnYXOvZxVK+uuXCXJ6DRWXwWXL3SFS7ttIccwA0i9yevYgEDkDw42Oirx0cZdi7PWuvHPOc/kVdRsGVulneR9RVeehtj25LkNfVPvwe0e5cwt2bECLEPnuP/ACJVaqi4wSZ4fqLT1M2vU6tSFIIAgCAIAgCAIAgCA8N3e+Erfpkv8q4XVvjj9Pueg6P/AE5fX7F60LkM6zNllqan0IYZldDUypxdwVzQV79RBfMg1MttUmWF17k8yzXBAHSaXa2xcO3VrfYT2W5rWc+MG0Ic5KXeWdgvC2Jode7nYW3DdWgEDInLwvzV7TRbSk2cDqElCbgkVVJBJJ1Gk2NieWWhKsScY8spUxss9yHYmbT2aIorjM/GPH/YKpZa5o9Z0WiFNmPL8lPFV4DcG3cqu49TKlT4aLqg3qbk2QfW+8Ipo5mp6Q2t1f6F02W7ukbgJIADi0us3XIhw4lSYOPsdbw1yZwTStbh6Z5zJuRGSbkk/F0zWHBN5Mxk1xkOeTq4nvN/7LKSXY2znuEZsim21tcxe9tAdK70AMwBnYka3FrW466Xto/Qvaenf7z7Iqdn0UjMcuLE/MY73uSAXYb5F+oxaDFflapZU2dabhsSl29P2yXMGcszPivbHNGL+iHNDXttwDXiwCmgmuDnybcFP0bX+jR+DlxwtaSTwC3N/bKKy2ehbjQFlIGO1Es4Ns/+4kVSfxHEumpzckX61IggCAIAgCAIAgCAIDw3d34St+mS/wAq4fV/jj9Pud/o/wDTl9fsX7Vx2dZmSwYPqwYMS5ZMEijGZPYu10Svdc5eiOb1KeK8erJMshFg0Xc42aO3mewC5PYF6ec1CLbOHFZZPieIWW1tfXVzjmSe/XsHcoYS9ok0TtqKycltWNr5GyOfha+/XIPXLSLlvZ1gL6ZZXsupRZiLUTh67S7rIym8ZLeg6INtGWkdhB9Z5qKcpN8liqEIxxAkSxhwLToQoyxCThJSXg42upjG8tI7u0KOR6zTXK2CkiI6naeC0aRaU2iZsyd8JydiZxafs5FbxeCpqtPC+PK59TqoHY2hzcwpk0zzdkHXLbI+oE0fC5DdGg7myFz5bWMha45h0jW/GwtOYGQtx1Fss60rFngu0a6MUlJdv0yV+1qRzGRPZbohjja0XuAMBJOVibgcbnrHsE2Pe2+TWGq3t58nRP3exSwydO0O6zSxrCS6OUgtF7i2G976KBz5zg0/F4hKKj/8izdQxxNJjIIvZxsQ6/C9+CyptvDOfZOU3lssd1XXgJ/xp/38irz+I1RcLUyEAQBAEAQBAEAQBAeI7q07nyVxa0m1bMPHqrj9TpnZOO1Z4+52+lXQrrlueOfsdGKKT5B8lzPwd/8AadJ6qr+4yFDJ8jzH3p+Bv/tMfiqf7j5JSPGotftCkh07US7RNXq6V5NYpXdnrUn/AIrVP/qavW0epIhbgaS4gcSb5AAak+tdvpWknp4y9osNnK198bWlBk3ZkBLTM4WxDqA5YYtbm+hdk48hhHArOsu3e6iuoqJtqNnmZ4MnwTRZsfyzqXSfk6AN7M9bKbS5jWZSzyyPvMOqw8iR6wP/AJXR0r95lDqK9xfUoqaVjHhzmBwFzbLkba9tlcsTlHCOdTOMJptFrC97iXvs2+jALWHbxv8A12Cq1GPCL6lOb3S4+RG2xs/pW5emNO3sWslkv6LVOmfPY5I3BsRYjUKE9RGSkso2Ncs5ME/Z1e6J1wcuI4FZTKmp00bo4fctdt7zwQxtIb0j36M0t2vPAe3zVfU6xUr1ZT6f0O7U2Pd7sV59foVG6e35Z62JjwwMJe4tDTngje8C5J4tCo19QtsnteMHZ6j0fTabSSnDOeOW/V4LfdfastVepsA9kjcVnZ3cRa41DTfDy4K5ptVG6DTWDj9U0EdHJQi201nt9zo6qANFsLXBs81mnSxLDlwy/qysweX+SOG212NtRWNZLC1kRxO6Bpfj9AEsyLLEZtuL88stVHsbi3n1JITSTTZFfU+9zu4Xa0drsd7DuAJ8VKo5lFIhLbcp16UHnLP/ABEir2rE2bLsXyjMhAEAQBAEAQBAEAQHkW4DrHaH0+b9li0kWKex1gcVqTGy9gsoFZNLiN/V3K/XDaiGTMLqQjZjDT9O/Afg2EGTk46tj7tC7ssOJVTV3bI4Xclrj5LF21og8tkLoy06PY9rSLmzhIRhcMtb2HfmubGqc1lLIc4p8k3pw7Njg5vNpDh6wrmnyo4ZJBpoqd5Xe8gng8H9Vw+0LoaX4ypr45q/Mqdn0mj3j81vLtd29nDv0s2WZ4RRppxzItAoCyZBAU+3dk4x0jB1xqPlD71rKOTqaDXeyeyfb9jlhIocnokk1lGQmTcNuTmquYue53M+XBeftnvm2zvVx9nFJEvY20XQTRzM9KNwcAdDwIPYQSPFRxk4SUkZ1FUdVTKqXk7PZ+8WzaSR1VTsqOlkFjTktbE3Ebu61swOAz4acLcbaoPfHOX4PPW9P6hqYLT3bdse0vJfbF3mp52O95e7A91ukfhdZ9iMWG99LeC6mln7dNxeMHn+p9Pno5R345XjtklybZybaGPEzBZ5F3dS1s8rA4dFcWn+Zy9xV7V2o+W2MhrW3s0ANaL6mylrrjWYbbOs3AeDRtIII6SfMG//AHEi593M2brsdEozIQBAEAQBAEAQBAEB4/uDrX/T5/YxaSLFPY7Bi1JiPXzZYRx17lYohl5NJMg3VwhZrmkOTWC73mzQdO1x/JAzPgOK0ssUI5ZmEcsuqaJkEVs7NzJOrnE5k83OJ81xJOVsyZtJFRK/GS52p8uQHYF3Ka1XFRRTby8kZ9Iwm4FnfKFwR3EZqbv3MduxtDXGwdI5wBuA44sxobnM+JWFFJ5Rlzk1hs2hDQzDkwDIOWMAyDkMHOby0URvIJI2P4hz2sD/AFkWd7VFZFM62g6g6nsn2/Y4+Kta42Y7EeTQXH1NuqjbO49fpo87jKn3brJT73R1BzyLoXsHrkDQuYtLMs2fxBpV2yy3pPc42k/WAR/OSxjyYXFSLRvyynL+JEn7kP1ZZTe5rNFG6Wpq6eBjBd7/AHyQAeOBbLRw8sr2fxLqX8MUv8nMbF2ftKoMr9mRvfAMumcyOHpcPyBI4i97m18hkSDkrVMFVnYcrV9Rv1aStfC+R1G7Fds+SQU20m1VPVCwLZ55o43nS4wFoAJ0vlyJUrsk/JQwek026Gz2WLaKEng5zGyH9J9ytcsyXUMLWANa0NaNA0AAdwCwDNAEAQBAEAQBAEAQBAeQbga7Q+nz+xi0kWKezOtfIGgk8EjHPCJiofISSTqV0IxSWCFvJhJKACSbAC5PIDVbGncnbDpTnM8Wc8dVp1ZHqB+cdT4DguPq798tq7E6WFgx2tVXdhvZrDmeBd9w0778la0NGFvl+RXsll4KefbFOz0qiIf5jfZdX3OK7siIjN56ZxtG90p5RRSyHybYrV3QXkEqGsqZPgtmVjuWOMQA+MrgtXqImMEuHZm1ZNKGKH56pafKFrvatHqfRDaTI90dpv8ATq6WH5uCSX1F72+xavUSM4Jce4Dz8LtSpPZE2CEH1MJ81o7ZvyMG4e5tRE++OqJb8JKiRw8iLLRyb8mS1odz9nw/B0EAPyjExzvFzgSfWsAuY4mtFmtAHIAAeSAzQBAVG8e7VNXNYypYXsjdjDMb2tJHy2tIDx39vMoCzghaxoYxoa1oAa1oAAA0AAyAQFft/d6lrY+jqYGyN4E5OaebHjrNPcUBx9Nu/tTZjgKKX8Npb/i07wySMf4cpyt6h2HVAd5QzuexrnxOicRnG8scWnvjc5p8CgJCAIAgCAIAgCAIAgCA8N3Y202mfXMdDUSPdWzPDYYXSOw3DRcAi2bStWsk1c1Fcl7UbQrZgOh2RUkf4uCA+IkKkrahyZlbnsZs2Hth/o01LF89M5xH+kHAqR3Mj3s5LfWtnpCInV8L5gQXQwwYwx1wWhz3G5de1m2J4m2S1lZJrBhSaJ/ue01VtCpqIK6rq4nQsjeI43mC4de/SNtf5BtlqoFXFeBuZ6BB7mezGnE6B8jucs0z/wBXHh8lualxRbq0EJvHQ07D8oQx4v0rXQFsxgAsAAOQyQGSAIAgCAIAgCAIAgCAIAgCAIAgCAIAgCAIAgCAIAgCAIDmt+INpSQiPZ7oWOdcSSSPe17W5W6OzCL63ccxwF8wBW7ke5vTUJE0h/CKrUzPGTHHXomm+E69Y3cbnPOyA1bW/wDz7epJdG1dPJC7tfGQ4E9ubB4BAd4gCAIAgCAIAgCAIAgCAIAgCAIAgCAIAgCAIAgCAIAgCAIAgCAIAgOc3y3fkqvwaSF7Wy01QyVuK9nN0e240uLH6vigOjQBAEAQBAEAQBAEAQBAEAQBAEAQBAEAQBAEAQBAEAQBAEAQBAEAQBAEAQBAEAQBAEAQBAEAQBAEAQBAEAQBAEAQBAEAQBAEAQBAEAQBAEAQBAEAQBAEAQBAEAQBAEAQBAEAQBAEAQBAEAQBAEAQBAEAQBAEAQBAEAQBAEAQBAEAQBAEAQBAEAQBAEAQBAEAQBAEAQH/2Q==', 7585.25, 1, 7, 2, '2024-11-15 03:55:07', '2024-11-21 10:11:15'),
	(80, 'Laptop HP Pavilion', 'Laptop de 15.6" con procesador Intel Core i5', 'HP', 'Pavilion 15', '/9j/4AAQSkZJRgABAQAAAQABAAD/2wCEAAkGBxISEhUSEBISEBUWFRAVEBUVGBgVFRURGBYWFhUYFRcYHCggGholHRUVITEhJSkrLi4uFx8zODMtNygtLisBCgoKDg0OGxAQGzUlICUrNC01LTcwLTUvLSs1LzcwLS0vLS0vLS0tLS0tLzUtLTAtLS0wLS0tLy0tLS8tLy0tNv/AABEIAOEA4QMBIgACEQEDEQH/xAAcAAEAAQUBAQAAAAAAAAAAAAAABwIDBAUGAQj/xABMEAABAwIDAQgNBwsDBQAAAAABAAIDBBESITFBBQYTIlFSYXEHFBcyU1SBkZKhsbPRCDNCc3ST4RYjNUNicoOissHSJILxFSU0ZPD/xAAaAQEAAgMBAAAAAAAAAAAAAAAAAQQCAwUG/8QALBEBAAIBAgUDAwQDAQAAAAAAAAECEQMEEiExUWETQYEFFMEicaHwUpHhFf/aAAwDAQACEQMRAD8AnFERAREQEREBERAREQEREBERAREQEREBERAREQEREBERAREQEREBERAREQEREBERAREQEREBERAREQEREBERAREQEREBERAREQEREBERAREQRJ2ad3qmmnp2wVEtOwxSOcI3Ft3YwATbMqOxv3rPH6n7x66/5Qnz9P8AUv8AeNUQLdp6cWjLXe/DOHZDfvWeP1P3jlUN+9Z4/U/eOXFBVWWcaEMPVl2v5b1fj9R945VDfvV+P1H3jlxNl6p9CEetLthv4q/H6j03L38uKrx+o9Ny4hehT9vHc9aeztvy4qvH6j03L0b+Krx+o6eO5cVhXojKfbQj13anfvVbK+otsu9115+W1X4/Uem5cYGKsMUxto7sZ3Euv/Lar8fqPTcvDv3q/H6j03LkxEhhU/aQfcuqO/ir8fqPvHKk7+Kvx+o+8cuTdCrRjWM7bDKNxl2B371nj9T945UnfvWeP1P3jlyGBMKj7eE+s6w79q3x+p+8eu37D++SqqK8xzVM08Zp5nYZHFwxtkhAIvobPd51DZCkrsC/pE/Zqn3lMteppRWMs6anFOH0GiItLaIiICIiAiIgIiIIP+UJ8/TfUv8AeNUT9rvxFoY4uGrQCSNNQOsedSx8oX56m+pk941RluBUwxSl88TpmBjhhacNnEgNcTsAJ9YWUWtHRjaI64YUsbmGz2OYdbOBabdRVGJZnCU9rlshdY5XAaTc2zvcLHmewjisLTfa/Fl6I6FPqW7o4K9lvEr/AGrL4KT0XfBY7yMOmeed/wCykuOtIaALjIC93chGXG6Vd2ejbcZ/V0wpbzXroY5dco87Vl8FJ6DvghppB+qk9F3wXeTSXOrjs4xvksmF4DWGMYpRJAQ04sLniUFodssVev8ATuGueOVKn1HitjghH3ac4OHgJsRzDeDfiI6Ba68jvmHAtI1BBBHWCpI3VqqjE1rWMYXtkDLSF7u/hldxyAb/AJtr7/tuO0rk6sOqKmole27nPDnYRldzQcrAa6qlo0ta1efXznv2/Ze1r1rW3Lp4x27/ALtWwK8IwdnmWcNzesdauf8ATXjRdKNC3Zzba9O7BbTch86utpDyX6s1mMo3ciyY4CNhW6uh3hpvr9pao0N1jzUBGxdQxvKLq+yFh1HmWydpWWn721XBvitqrZjXfy73YpdHtjOwuuAuZ3U3JdA8sfhccjdpDmkHMEEKjq7aaSvaG8rqxyaNzFI/YGH/AHF32Wp95TLhTEu+7Bbf+5O+yVHvaZc/dUxV0ttfNk+oiKguiIiAiIgIiICIiCD/AJQ3z9N9TL7xijjetQ8NPgMfDAMc4svhuAWi9+twUjfKG+fpfqZveRqMdxKaeWTBTF4kLXWwOLSWixdmNmV7dHQomtrRinVMWpWc36E9JhDrwzAjFxwbsyOZtg08vIsBXpKSS5cWPOZLnYSRrmS63LtVlT06o5ezx2h6ipLDOIAZZAC1uRDcN9RbLTRRo7Q9RUgu0ZZknGyFwLOd+zY5rr/SsZtnx+XJ+qZxXHn8NnuDBTHhTVGQhjWuGEtAtxr7Oi/k2LY7m0MEoIildgD28M25aQWnGwu2stcAZG56NNHhaMcbxMw8S7MLQ9wsTY58oBtyXV98kT5+2HPnaMDWHgyW4jchvCEvOK+JwAOltuapb/V3E61orM8Pt1wvfT9DQjRi1qxM+/KFqWjbJc0zpHuaxxFsyY7CMlmXGAFm8XQLmtzpSJJOuO+zMMau6l3SDy3iyOcOMw3DXHRvfgg4bgZN1N+TPiN06z/V1DpL4nPYXZZ34Nl9LrH6duLTrxFvbyb/AG1ft5vTnE+PPf4biCoKzoqjoB8gWhpt0I9pPmPwWbFujHzj6LvgvWU1azHV5LV0Lf4t3FK099Gx3XcewhZMsMWI2YWi5tZx0/3XWmir2c4+Z3wWxkq2BxBJ1Ox3wWUzWZ6/yq3pqVjlH8NtucyMOJz714sWgjMEa/gr8m5Ace+Yc/2mn1BaqjrGYr4stuR+C3DN1YgbF4HkPwVPVtNb5ifZv0dOb6ccUe/nwpG9m+hI6nNI8xzUf78YjFVPjJvgEQ5PoNOnlUpU27VOP1g9F3wUU7/ahr66d7DiaeCscxpEwaHqKrW172nFp5Opo7elecNFJIu87Bf6Tf8AZKj3tMo7cpE7BP6Sf9jqPfUq5+7nNPl1NrXFvhPiIi5zoCIiAiIgIiICIiCDvlD/AD9L9TP7yJR/vKbeqtwb5fzcnEY4scdM7gg2GqkH5RHz1J9VUe8iUYbi0Us0hZCS1+Em+LAAMTW8YgHK7gPKM1s0rxS8Wn2YalJvWax7qKqHvncHJq7j34ty7Xvf77VhrJloJQ4gxvLg5wJsTdwJBz253VDqSQC5jeANSWmw8tlhM5llXlDHfoeoqW4KKZ7Icc1mxZxAR94XWJzvnnY5k7FEjxkeoqUG744S1oNVELAWBvlla2TdVb2l+HPPt+VTd14scu/4XN2RLFUFzZi57mML3FmEk3cA3C11rWa31ci1s/DRs4JxwjFG7C5rhmDxTYu6T1quLddjphKyRhLOCLTYkYmuLgOKOrzq5u5u6alzXyYWlrYoxhx96197kvJJPGO1dOvoWrEXmOnf/XJzLa+tp2mtJmPGPb3exzVAtLfEGgsx4HYRc4iC7FrmcifpLQ8I59TO91i4vaTbIXwN2XXSjdRwp3U7OPG5we5wbJryZjoC5ane0zTHEAC5tvRCxpo7aurW2nEZz7Tnlj90+vuLaM6d5nhiM4x75bOJyy2FYsUkfOv5CsuOoi5SuxSY7uRqZ7MmJbI6nrPtWsir4gQcLj5bf2KynbqsJJEdrknMl3swrKbc1W+la0NzuWxpcb7BcddwtjC03XP0W6zA65s0dDc9RtNz61d/66/6LnHqdgHmVW+ne1pw26eKUiJ7z+HaUbHbAVD/AGQR/r6i/LH7pi64bsVB71oPnefauK31Y+2HmTJxEZNxbWNuxVbbe1JzLp6G4rf9MQ52WNSB2B/0lJ9jqPfUq4R7h1rvOwT+k5Psc/vqZc7eR+j5dfaT+r4T4iIua6AiIgIiICIiAiIghD5RHz1J9VU/1wqNN7W6TIJuFe2SRmB4cI3FhNy23GByAIHqUnfKGNpqIjXBU2va1w+DW+VutRq2tHbT5auMT5fnGsDcJIwAEWyAsAL9PKpi2JyxvGay108rHFxwuuS43LhqSTcjD/dY9lkPkjuSIzYk241rC+VgBllszVhRM5THQWy3NiiLDivckAm1wBxiceWTLBvGGdz0LWOUhb2N7NFNUwxyAua/hOEbwhZox7m8bFytB8isaOnNotaPZX17Rmte/wDxod6zYsZD3OERkYHuHfBn0iLjW187dNti6HfFSU8cjWQSNlbaPhHMN2Yi76BdnbDhvcnO+zIbzdfe1QUtRwUMrqSN0THOtIZruxSNNySTazW5dK1Um5lN2mJRL+d4mJmL9rUerz9GfPja319WeHHWOrTudtbQ4da2JiZ+eX8fzLIZTANvx2tLc7OaAdAbjEb66X2eVcJWHBPKALcYZdOFt+vNdhPTxMkEbaxrmFmJz2g2xZWba17joXE7qgCeQNdiGLJ3KLDNdDb7LU214vbHPtnt5btbd6W4pNKxPzj8L7ag8qutmPKtcyRXGyrqxqObbSbaKVZ0Uy0LZVfbVWVnT18K2poZdDHUBXRui1vIuZfXcixJaonattt5EdGmNjxdXVVG+mRnzJwHnDXyLm6ytfI4ue5z3HUuJJPWSsPh1Q6W6pau4m85XdDa10oxWFwvUh9gf9JSfY5/fUyjTEpL7AWe6Eh/9Sb31OufubZp8ujt64sn1ERUVwREQEREBERAREQQl8or5yj+rqv64FGu5kbGTOMtM+RjQQYn2a8EgFuLFa3L1FSb8oVt5aK/Mq/6oFGPb8uJzzI9z3WL3uJc5xAAFyczkB5llW3DOYY2rxRiVl1LmTwLtTljaMrm2VstnmVl1DJfJhA2Zg+tZw3Qk5xXo3Qk5xWMso5Nc6gkt3vrHxXb0r4XA45Qwi1hgc6+RJOWgy9a5g1bzmTdetq3jQ21HkOqs7fdX0M8Purbja018cXs27N0oA7jOwtJa3FgeRcOIdbLMjoWbPJE8vFPwlQIxG6UshlPBi9+PxAQLNJuQPUuTey4AJNgSQLmwJJNwL8pPnPKsyjr5YjIYpHM4UAS2PfAAgA+Rx05VZn6prY6R/flW/8AL0o95/vw6HtqlFOJ3VGEuJ4JhhmtIGmzi2TBgJHID68lxe6dS10r3NNwSLGx5rRt6is2eVz4o4Xuc6OIuMTCcml1sVjqdBryKxHQNcQGtJJ0AJ+K1au+1NSMWx1y3aWx09Kc1z0wwhKOVVcOOVZs+5oY4tewtI1Fz8Vb7UZyes/FavubNvoVY3bA5U7ZWT2ozk9Z+K87UZyes/FPubn29WI6oVHCrN7UZyes/FBTtGYBB6CfioncWlPo1YZdygi+mWvUvSTyHIAnLQEgAnouRn0hZzhcNaXPIaHNYC5xDWu74NF8gbm4Gq8cLggueQ4NDrucbhveg55gbAo9eyfRqxXQvGZY8DIXLTa50zspO7ADT2/LcEf6WTXI/Ow/BR7K/FrbYcgGm40zaAVI/YG/8+a9z/pX65/rYljbUm0YllXTis5hO6Ii1sxERAREQEREBERBH/ZT3iVG6ZgdTyxRGFswIkDrOxmMjNoNu85NqjefsQbrN07Ul/dlcP62BZG/vfzugytqGQ1UscAkLYQwMDcIaBk/Dc53Ou1cs7fjXHWtrD/GePY5BmTdjzdhnfUDj+5JC/1Nfda2fe7uhGbP3PrW22iF7m+k0EKp2+is21VZ9/J/mqDvjqTrU1Z/jSf5oNfUYo8pY5Yv32Ob7QrbatnOCz37tzO76Wc9cjj7XLDlqA7vm4uTFZ1vOgq4QL3hAtcKVnMHpFe9rM5g9I/FBseECuU9UWODmnMcouMxYgg6ggkLVdqs5g9I/FO1mcz+YoNtUVZecTiL2AyFgAORWuEC1xpmcz+Y/FO1Wcz+Y/FBseEC84QLX9rM5n8x+KdrM5n8x+KDLdVsH0h51XTuMhtEySU/sMc72BUwThlrNwmwBIsL+ULMj3amb3sszeqRw9hQX4dwK95AZufWuvoeAkDfK4tsFsoex9uw/vaB4/fkiZ/U8LVjfHUjSoqh/Gf/AJq43fRV+NVn38n+aDpKfsQ7rv1FLF+/KT/Qwrv+xf2Panc2eSepmgkxxGMNix5HG117uAuOLyKIG78K4aVtYP4z/wC7lvN7O/zdI1EANVM+LhoBOHhjhwJe0Pu4tJAw4swUH0ai8ab5jPkXqAiIgIiICIiAuG7IG+UsBpaY/nHZSOv3gP0b8ttTsHSctrvy3yClZgYRwzhxf2G88jz2/BRfHMLlxc0uN7nEb55+dRM4Y2tENfulTWYAOO7K5LsPWbNNvJZc/wBqBwJbHwmtzZwvnbIkZ6Hl8q6SeqxtP0RcgYnajYbHYuf/AFhYwtABJe44TYvtocyRYZ25AFqz5aeLytx7mtc3ixYnAuBBDgLgD9nLXb/xSzc5vemIF9xlZ4ABvbEcOWz25KuouyQCMtJ4mYAwnADm3FbDa5ysM7qmpJaMWRJuL2aQS4g5i9tQCT0Jnyji8qI6FuYfCA7MgYX6XtmQ2x6xqkVFGCWviGIk4AA43ts4rTfyaLIkY5/f5m4N+JqARnxs9TryrzgXOADwDYAC2DKxy+l6k4vKeLysR0cYJ4SNoBIwWDidOhud+TIr0UbASZIgGZWydlnnfik9GdlksjccngObnZowDI66Oy8iMicMhbDllxP8ugeZOLycXlj9oNBJMQwW1s64PVhva3R5UdRMxXbECwg2OF4PQe9zWQ2nLcmBoG2+Am3QS5VcCW5xgNde97t12/Sy8nKnF5OLyxjQxuOKOJrmbcnDO2ZFxnnfIXXhoo3H83E11snghws7rLf+VfbGMZw5OAbnZtuUWOL2Lx8fGaHWLjisQG26b8b2hTnycXlYNGy/FiBIsSyz756Z4cuteOo47gCNt7Xw4X3cB/tyV+oisLyYTZwsWhvkvmEkp8jjDS22gDcWWZOTh6jsUcXk4vLHdSR5Xjawk6YXm52gG3rVNVSMDSWRC+R712m3UZFZ7Ig9uLGwCws0tGQPXdW4nA3DdBdpuGgXF9Bfb5lOfJxeWMaON0eJjBi6QSDroLZ6bFTFSNcwuaxoI5cWulrWzIPIqqYFjizO2ZsMObTqCb22DJXqanc1xcCGjkOEOOwhtsrW6lGfJxY91FJSNkabMa0jvr3yI1GeROmQW83CYHAttgeLNdbUHYRfLPVae/BP4RvFFwCAW3aPokWOy+vIt2PCMsHDZjBxN2tPXs6bKeLycXPqkXsf743MtR1RzFhC87eRvUdnIcuRSEoMMsb2hwdY2uMWRF9QQTkpG3j75hUNEMrvzrRxSf1jBt/eG3l15Vsict8TEutREUpEREBaffRu+yjhL3cZ5uImbXO/xGpPxC3Cg7shzVbah8tTDNgu4RuDHGNkQJwjE0FoyzNzqUGFV1r5pHSyuxPcbuPT0cgGgHQvGuXOs3wx7LHyn4K4N8cfR5z8EGy3WN2FcfKM1uajdyN4tp5T8Fq3mE58JbyILAV6AZ3XgEPhD5lWx8Q/W+pBkByrBWPw0XhfUqhPF4X1IMoOVYKxBUxeEPm/BVCqi8J6vwQZYKqWGKyPwnq/Be9ux+E9X4IMu6xarUdS8NZH4T1fgqH1ER1k9X4ILZVJKr4SHwh/+8ipL4fCHzfggtlUkq6XQ+EPm/BUkw+EPm/BBZJVBWRaHwh8ypIh8KfMgtx6rrdxcmrl2mEfrPUtpS7txsFr384/sg6VzlTHUOY4PY4tc0gtcNQRotEd8cfR5z8FQ/fDHtsPKfgg+gd6G+RtZFc2bKywmb7HN/ZPq0W/UBbyqmrfM2aihmfhucQa7gnt2sc8gNsevp2KfUBERB45a+tjeRktivCEEbbs7wIakl0kTMRNy5owu8rm5la09iqDme1S1gCYAgiXuVQcz2p3KoOZ7VLWAJgCCJe5VBzfancqg5vtUtYAmAIIl7lUHN9q97lcHM9qlnAEwBBE3crg5ntTuVwc32qWcATAEETdyuDm+1O5XBzfapZwBMCCJu5XBzfavO5XBzfapawphQRL3K4Oave5XBzFLOFMKCJe5XBzfancrg5vtUtYEwBBEvcqg5idyqDmKWsATAEES9yqDmJ3KoOYpawBMAQRMOxXBzB6/is3cvsdwQOxMiYXA3DnDGR1F17eRSZgCYAg1tBE8AXWyavQF6gIiICIiAiIgIiICIiAiIgIiICIiAiIgIiICIiAiIgIiICIiAiIgIiICIiAiIgIiICIiAiIgIiICIiAiIgIiICIiAiIgIiICIiAiIgIiICIiAiIgIiICIiAiIgIiICIiAiIgIiICIiAiIgIiICIiAiIgIiIP//Z', 7500.00, 1, 1, 1, '2024-11-15 09:30:40', '2024-11-17 22:01:59'),
	(81, 'Mouse Logitech G502', 'Mouse gamer con 11 botones personalizables', 'Logitech', 'G502 HERO', '/9j/4AAQSkZJRgABAQAAAQABAAD/2wCEAAkGBxMSEhASEhMSFRITFRYVFRYWEhIYFRIQFRUWFhcXFRYYHSggGBolGxUVITEhJSkrLi4uFyAzODMtNygtLisBCgoKDg0OGxAQGi0mICYwLS0tMzItLS0uLTctKy0tLS0uNy0tKys3LS0tLS0tNS0rLS01Ni0tLS01LS0rLS0tLf/AABEIAOEA4QMBIgACEQEDEQH/xAAcAAEAAQUBAQAAAAAAAAAAAAAABAECAwUGBwj/xAA/EAACAQIDBQMKBAQFBQAAAAAAAQIDEQQhMQUSQVFhBiJxBxMyQmKBkaHR8BRSscFDcoLhI2NzkvEkRFOzwv/EABoBAQADAQEBAAAAAAAAAAAAAAABAwUEAgb/xAAqEQEAAwABBAAFAgcAAAAAAAAAAQIDEQQSITETMkFRYRTxBSJCgZGh0f/aAAwDAQACEQMRAD8A9xAAAAAAAAAAAAAAAAAAAAAAAAAAAAAAAAAAAAAAAAAAAAAAAAAAAAAAAAAAAAAAAAAAAAAAAAAAAAAAAAAAAAAAAAAAAAAAAAADAAgYra9KGsrvlHP+xq8R2nS9GH+5/svqB0YONq9qKnOC8I/VkZ9qanGr8IR+g4Hdg4aHaqpeyqRfK8Y5+5ZmWPbOUW96EJJa7rat462PXbPtHdDtAc5hO2VCWU1KHVrej8Vn8je4XFQqLepzjJc4tP48jylmAAAAAAAAAAAAAAAAAAAAAAAAKNkXaG0YUVebz4RWr8F+5x+1tvyqXTe7H8q/d8QOjx+36cLqHfl491e/j7jmtobanP0pZcllH4cfec/i9qW4mjxu2NcwOixO1LcTU4nbHU5bF7Xb4/d+ngzU1Nq3bWeWr4X5ePgB1tfbXUgVdtPmczUxbfEwvEEjpHtd8yXhe0LV968m8s5cON3befxOO88XRrE1tNfSJrE+3Yx2zd3yXRaGz2ftuUJKUJyjLmm0zgqdcm4fFMhL2vYXbvSOIV1/5IrNfzRWvivgdvh68akVOElKLzTTumfOmDxjOr7OdoqmHleDvFvvQb7svo+pA9kBC2TtOGIpqpTeTyaesZcUyaAAAAAAAAAAAAAAAAANDt3tFGjeELSqcX6sPHm+hoe2PbaMFKlQlnpKov0h9fhzPIdobWruTlCrK3LJr4AegbQ2u23KUm5PVs5/G7W1zOdp7XlON5ZSWTtoyDi8db7+7AbTGbU6mkr45y1/40+r1S9xBq127t/2487rly6keUt7w9+fu5dOJIzVK7nxe7z5+D4a/Qs3uC0LL/f9/cVSIFXIXKFbEgmXJlEi9IC+DJVGRGiiRTA2mFkbzBTNBhjd4Igdz2N2i6M5PPcdt5c1nn4/Q9OhJNJrNPNPmjyfYVO0HJ+tp/KtP3fvO/7L4vepum9aen8j0/f5HRplxnFlNNObzDdgA51wAAAAAAAAAUbASds2eW9vO3qe9Qw8u5pOa9fpH2evHw1geUfyg+c3sNhpf4SynNfxXyi/yfr4a+YVKzk8wJuKxspvNmKJhgW4rEKKstXr9F+7JGOvXUVl7uv9jXzqNtt6/fvRbUlfNmL0s/V/XX5fqQLm7+H6/fXXUu+/v6off3zMsadvH70AtUbeJWxIhg5vSL+BWWEmtYskR1EuUTIol6gBjUSqiZlArugWRiZqaKKJlpxAmYSN2dJsjB78reqvSf7LqzW7KwLk1FavV8Io7HCUVCKjHRfFvm+p19Nh3z3T6c2+3b/LHtsaD0XBaG42BidyvDlLuv36fOxo6cvvlyJmz5/4lN8px+O8v3OzWvNZc1LcTD0cAGO0gAAAAAAAA8c8qPlA33PB4WXcV41qkX6b404v8vN8dNL3meVrt95vfwOFl/iNWr1IvOnF/wAOL/O1q+Cy1fd8aQGVyuXRMaZfBN/er6Ei6pW3U3p+xZQ2Ni69pQoSUHpKfci17O9m14HXbC2PClu1a0Izm/RT9Gk+GWjl1enDmbitXlLJttcL5mjh0E2jm/hw69bFZ4r5eaY3YmIpu1SMbcVGV7r914EWx3m26sYwvJ58OZyNOi5SyWbeS5HjrOnzy47Z8ys6ba2kTMwx4XCtuy1evJI2EJRp5RW9L8z/AGKyiorcjq9XzFOicLqPxE3xMsKsuI3RcDK6MJ6qz5owVtnyjmu8umvwL1Iz067QGt3Buk6vFSzWTIriBjSNns3CNtJK8nouXVmDC0NH8FzfA6/ZWC83G79OWvRflR09P086z+FG+0Zx+UvAYVU47qzfF839CZGVvdr4GBS0+AdW2f5Xaa9h8TXisRHEMzu58ylOfB8Mn1hLR+43GwaLlWpLjvpv+nN/KJo6Ec7P1e7405afA7PsZhLuVV6Jbkery3n8LL3s5+otFaSvxr3Wh1gAMZpgAAAAAcF5U+3KwFLzFFr8XWj3dH5im8vOSXPVRXFpvRM6Dtn2lp7Pws8ROzl6NKF7OrWae7FdMm2+CTZ8y7Rx9XEValetLfq1Zb0n14JLhFKyS4JIDBdtttttttttttt3bberbLrlpkp0myQpU95nQdm8GpT3npB2XLf4/D9fA0+0W6NFyXpO0Y9G75+Nkzq9gU/M0acWrrdV2td55yfXNs7egy79OZ+jl6vTtpx926lG3d4MibVxsaEHfUqsSopyvklx4HJ7SxDqz3pacF+7NTfWMad0/uz8cviW4RcVXlVlvS9y/QzRjuK3rvXouRZT7ufHh06l9OPFmDe9r27re2xWsVjiCnTMtrFTBVqHh6VnMxb5jlMRAzRZmiWU4GdRAxSQhDi9C5m12NgN61Sa7q9FfmfN9C7DC2tuI/uq11jOvMpuxcBa1Sa7z9FflXN9X8kbZy16GLeu7cXoY3WyU1rB2muhu0zikdtWRa83nmUjeTaXq1Fk+U+X7FaMr7snrnTqLmuD/T4GDc9OHqu06b6/f6EzC05VJqMIuU6llurjJfbzJnxHJCfsrCSqzhSh6T7t+CgvWfRI9QwOFjShGnHSKt482+reZruzmxFhoZ2dWXpy/wDmPRfM3Bh9Tv8AEtxHpq4Zdkcz7AAcy8AAAAAfPXlm23LEbQlQu/N4RKEVwdWcYzqS8c4x/o6nDRidZ5TcFKntbGqSt5yUKsPapypxV1/VGa/pZoaVAkYaVA3OzsD6zWXDq/oX7L2dvv2Vr9Eb7zFuAGl2thacqM/OvdglvOX5Ws01z8ON7GbDzmoRbTjJpXWWfiuZbCP4ie//AAKTe5yrVV6/WMeHN58ESa8rXuX9P1N8ee36qdca6e0HGVW1aWnLmaypLmZ8XWu/0IZG299rc2es8q5xxVkhm7szoxQE5lKxWpUI0pFZssSARRJo0ylGlc2FKjYCyEC2pJLN6GSvUSV3oY8BhXWlvSuqa+f9yzHG2tu2rxppFK8yz7LwTqvellTXDn0OiUlktL5Ll0I8ZJbsVktEWvvKcHlKLun0Pocca5V7YY2us6W5lmcm1JLKdN38UXqa3t9ejUjaS5S/5I8q12p6O1pdeZ03ZrsdWxNp1L0qGt2u/NexF6L2n7rk6XrnHdeeEUpa88Va3ZOAq4icaVKO81x9WEecnwWp6l2c7PQwscu9Vku9NrN9I8ok7ZezaWHgqdKKjH5yfOT1bJhidT1dtfEeIamHTxn5n2AA43SAAAAAAAA4fyo9jvx1FVaK/wCqoJun/mQ1lTfXiuuXFnjOyMO60txK0l6aafcs7NtcFfLxyPp4877c9in52W0MGrV0r1Kee5XXrXS/MteqjJZrMOWo4RQioxWS+b5s1O05OtP8NTdlZOvNawpvSCfCcvkrvkTMXtqMqcfMZ16knThSl6VOqleXnUtIxWbejVral+DwKow3U3KTblOb1qVH6Un95JJAYJ01GKjFJRikklokskkaPH175LRfNmy2pibd1avXojQ1mBHqMsiVmURIuuWNlw3QLLGalSuXU6RPw9ACmHoFcVXUFdjG4uNNdeXEiYPByqtVKuUfVjz8ehbjjbW3bVXppXOOZVweFlXe/PKmtFzN7CSTUFkuBh3tY6ZZFItycKaTlUbtCMYuU5vlGKzfuPoMcKYU4/zLJ10trZlveLjLVPJ9CZs7A1sVUUKMJTnlvNZRinxnLSK8deFzquzvk6qVLVMY3Tjr5mEk6j6TmsoeEbv2kek7P2fSoQVOjCMILSMVbPi3zb4t5s5N/wCI1r4z8z/pfl0dreb+HMdmOwtPD7tSu1VrLNZf4dN+yn6T9p+5I7AAx9NLaT3WnloUpWkcVgAB4ewAAAAAAAAAAAAB5d5Q+xG7N47CuVOaT855t2cVe7lylB8Yu6487cDW21iqSaqwoVUlnK0qVTLjaN4P3JH0c1c817ZdkHT3qtGHnKDu500ryo83FetDprHqvRupNLeLePz/ANeJ7o8w8lW1YT9JuMnrvcX46Coza4rs5RqpypPdfTOPw4GixWxK9G7im4845r3xPVunvHmPKI0j6+FZIKJCjjmnacfhk/gybQxMJaSXg8n8yhYvUDJCmZYw+8hPFU6fpSXgnd/ICRQokfH7SUO7HORCqbRqVnuUYtLi+nV6IkUMPTw635yW9xk9F0iufzOnDpra+fUfdTptFPHufsrgdntvzlbOXCPBeP0J2KxUIK83a+nNvklq30RO7OdnMdtFp4en5nDv/ua0WlJc6UNZ+OnVHrXZLye4TAtVEnWxPGvW700/8taU1m/Rz5tnbPWZdPXsxjn8ub9PfWe7SeHAdnOw2Mxlp1E8JQfrVIp4ia9ik8oeM8/ZZ6p2d7MYbBRaoU7SkrTqSe9VqW/NN526KyXBI3IM7bqNNZ5vLrplSnywAApWAAAAAAAAAAAAAAAAAAAAADltv9h8PiG5wvRrPPegu7J+1DR+Kszhdq9m8bhruVPz1NevTu8uqSuvhbqexg91vavqUTWJ9vnnEU6FXKcFfqrNPxRrMR2UpSzpzkvepL4n0LtTs9hcRfz1GEm/Wtuz/wB8bP5nMYzyYYeV3Sq1qb5Pdml8k/mXfqefnrEq/hcepeI1OyU1/Fjb+V/UxvY9KlnUnfxaivqevVfJRN5fjml/oSv/AO0m7G8kOApSVSv5zFTWdqrSpp/6cfS8JOR6jfGvmKInO8/1PKdg7NxWNfm9n4fegnZ1prcoU/GXrPorvoeqdk/JTh8O41sZL8XiFmt+NqNN+xS4+Mr6XSR6BQoRhFQhGMYxVoxikoxXJJZIyFevUX1+afH2+j1TKtPSiVtCoBQsAAAAAAAAAAAAAAAAAAAAAAAAAAAAAAAAAAAAAAAAAAAAAAAAAAAAAAAAAAAAAAAAAAAAAAAAAAAAAAAAAAAAAAAAAAAAAAAAAAAAAAAAAAAAAAAAAAAAAAAAAAAAAAAAAAAAAAAAAAB//9k=', 249.99, 1, 6, 1, '2024-11-15 09:31:57', '2024-11-17 22:02:01'),
	(82, 'Teléfono Samsung Galaxy A32', 'Smartphone con pantalla de 6.4" y triple cámara', 'Samsung', 'Galaxy A32', '/9j/4AAQSkZJRgABAQAAAQABAAD/2wCEAAkGBxISEBUSExMVFhUVFhcWFxcVFRcVFRUYFhYXFhUVFxUYHSggGBolHRUVITEhJSkrLi4uGCAzODMtNygtLisBCgoKDg0OGxAQGy8lICUtLy8rLSsvLS0tLy0tMi0tLS0tKy01Ky0tLS0tLS0tLS0tLS0tLS0tLS0tLSstLS0tLf/AABEIAOEA4QMBIgACEQEDEQH/xAAcAAABBAMBAAAAAAAAAAAAAAAAAQUGBwIDBAj/xABPEAABAwEEAwoHDQcCBgMAAAABAAIDEQQSITEFQVEGBxMiYXGBkdHwU3KSk6GxshYXIzIzNVJUc7PBw+EUFSQ0QtLxJWI2Q0RVg6JjgsL/xAAaAQACAwEBAAAAAAAAAAAAAAAABQIDBAEG/8QAMREAAgECAwUHBAEFAAAAAAAAAAECAxEEITEFEjJBURMUIjNhcfCBkaGx0QYVI8Hh/9oADAMBAAIRAxEAPwC8UIQgAQhCABCEIAFwyaXgaaGVleQ1p1Jq3RWlz3cC00aBV/LX+nmxGGu9yULSwNbgGt8kE9ZxV0KV1dmWriN12SJT++rP4QdR7Efvuz+EHUexRjheRvkt7EcLyN8lvYp9givvUuhJ/wB9Wfwg9PYj99Wfwg9PYozwvI3yW9iOF5G+S3sR2Ad6l0JP++bP4Rvp7Efvmz+Fb6VGOF5G+S3sScLyN8lvYjsA71LoSj982fwrfSsX6dswxMzBzmige6bTX7NZnyANrQ04rcMKk5ahiq/0BuUtekWi1T2l0Eb8WBorK5tTQl1RdB1Z8wWbETp0FeTNWH7Stoi+PdJY/rEXlBL7orJ9Yi8sKofe0Z9etflhA3tGfXrX5YWL+4Yfr+zZ3Wr0Le90Vk+sReWEvuhsn1iLywqf97Vv161+WFi/exYRhbrVXUS4GnRr6wurH0Ov7DulXoXF7oLJ9Yj8oI90Fl8PH5QXky02aaN07H2hwdA9zCC9wvXTSoqdZyVnbk9639oscNomttoa+VgkDYzQMDsWipJJNKHVmtqz0Ms5KGpcvuhsn1iLygk90Vk+sReWFWfvRR/9wtnlBHvRR/8AcLZ5QUtx9Cvt6fUsz3RWT6xF5YW2z6aszzRk0bjsDxVVd70Mf/cLZ5QTfpbelnY0vstue97RUR2gBwcRjQPrxT0dIRuMFXg+ZeCFVW8zutmnDrJaK347wF6t5pYQHxmuOFQcdtOVWqoFwIQhAAhCEACEIQAIQhAET0h8tP4zPZ/QKObpNMCywGUi8ahrW1pVzsqnZgSeQKR6R+VtHjR+yoZu50U+02QtjxexwkaPpFoILechzumi2RvuZC2Vu08WlyFy7sLdXhBIAPo8G0sw1EUrr+lVWBuY02LXZ2y0uuqWvbWoa4Z0Ow4EchVPtmloYuCfeJpQtdgddBT0qztwei3WaynhMHPcXkHVgB6goUnK+ZbiFBRW7qSiqKqMw7tLK6UR8cAmgkLaMJJoNdQOUhSRXKSehmlFx1RlVJVIhSIkP30D/BHnP3cilWgwBZYGjACGMCmGAY0D8FE99D+SPjH7qVSfRLv4eH7KPLxBntXndt8vcf7JV4s73ux76qpAa8vfYtZf39ISF4Xnx2omy+hz1qvV760le/fmQmT3Ru0huXsU8onls7HyYcY1F6gwvAEB+X9QKkNmtBZlls1U5k3B/OtjX4q6NeorPeeWhCVCDTTSzJFZrUHYZHZt5l0VUaZInOyaQ1O6+1PcHtNS8NX7iHGbKcfFS+38DmkKAUFOU7iRoq7cZGG7o7YG4DhpTTldwRcetXOqc3If8R2z7V/qiVxrKxrHQEIQuEjCZ9GuI1AnqCatF6ebLfaWm/G0OcGcaoIJGGYJoaA9ZTu9oIIORwWqy2VkTbrGhozw1nWSdZ5SuSzWWt/x0OJZ3fT8jQzdTAAb5AIpW5V7cRVtHloBwzIqBlXEVR26qC89jQ4ubG6QC67jXWucWnA3TQDPHjUpUUWmbdzo9ji0zVLSQbscjhXXRwbQ84W3Qm6WwzScFA9t91XXeDdHeObiKtAJpjtw5Fc6NRK7i/sVqvSbspK/ujbZN0cTpOCc1zJL127dcca0GNMMONiAQDiBiA9LFzASCQCQaioyNCKjZgSOkrJVFpE9J/Kz88fsqO6Z0myzQulfWgoABm5xwDQpFpU/Cz88fsqCb4VhfLYzwYJdG8SXRm4AFrgBrNHE05Ftg2oZCyaTq2elyNy7upb98QQ02EOveXX03VN9GaQjttmvtqGyNcxw/qYaFrmnlHYqXZbG3C2lXHBpqeLX4wA11oM8qc9bP3ubC+Kym+CL7y4A6hQD8FClKUnmW4inCMU45MYYNwlqMoY98fAhwJeCb7mimAbTAkDbQcqssJnh3R2V0vAtmaXk3Rgbpd9EPpdJ5ina8rIRiuEpqTnLjMqpC5JVIplZEt8/+RPjflTKQ6Jf/DxbOCj9lv6qPb5n8g7xvypk+aMpwEP2UfsA9IyXnttLNHoti5xZ3tfj371WBfhjl3/Bar2PL/n9EvCc2HX1dKQND7dNl7rS8KtBcUXuXv3qo2J7pvvJL5WkP1JeERmS3TpD1sZKuQHGvrWTXouRcB6sVsLcDi3rpyhO7XVFQcCopHInKwW0tOOIOfaE4wO0HTe5PT9CTaGzVU8cOL9/9IduP/4jtv2r/VEriVO7jDXdFbSPCP8AVCriTm9xdFWVmCEIQdBYyZHmKyXJbLeyNzGPB44fQ04vEAJaTtIJoNdDsXUm9DjaWpVtnssDrbJBNAyOCMvdebG6+5kbwGi8XVo43W8UEkuAFK1HfuFszHzGR8YjfHMwxOuGJ0vCCYPYWkkYN411uVzYFzz6Chc6821WloxLQ4NeWXCQ5t7hMbtSajOuFTUJ40ZoqCy2gSzW2WUxOoGvDg0OceCLquJDg2+a0yx2JtUmnBpN3a6P5nzE9KnJTTaVk+q+ZaonyFz2G2MlZfZWmWIoQdhB7ldCUtWyY4TvmiGWskvtFT/zB6C6iZ9IW2OGN0kjrrGjE+gADWSSBTlTva/j2j7Qetygu+TC91hJbUhj2veB9EVBPMCQehbIO0LoWzW9Vs+oxTbq7Jw1/wDYq/7qtDzy3cvSpzZrTHabPehdxJGENIwLagtOGog6uRUebQLtKY7VZ+9pC9tkderR0hc0HYQAesivSoUakpOzLMRSjCKcTVwE77GzR5sIY9hjabSCy4GxuBdI0g3i80wFNeKmdUIVsKahoUVKsqmotUlUJFMqIrvlfyD/ABh91MnXRr/gYhn8Gzo4g79ymvfJ/kH+MPupl36PceBjOvg2V8huqnf0JBthZo9PsJXi/nMcC7/OPT35FgX5d+foWq+OjrpX15BJe77c0icbHoUjffFevoy9GKxLu/4LQHDb32lKTr/yoNFiRuL++zYkLlpJ19+/6oLu9VFqxNROlrlk165b3QsmvUQcTsa/X375LcyVcLXra1yCuUBh3Du/1y1keFHpfBVXaqQ3CfPVq+1HtwK7166l5cfY8lU8yXuCEIUyALFzASCQCRlUZd6BZLCUm6aZ0Pq5j6igDS98TTdNwGjcKDKpu+kGiyhdG/Ft11MyKH4zQ70hwPSojABIXGbhnScIG3w6UXWhsdMGCIVBkLviDAOOOZ36LfdnjEPCsY5rS9ji92I4uN9khAAo34zPi57NDo5a5/gzqtnp/JLWtAyFOZKhCzmghds+PaPtB63JteARQ4g4Jz0g2klor9Np66ketNi30+EU1uNkfO4yx374iAxrQfF6k+wxta0NaAAMgFlVJeU7WK229TJFVjeReQcMikJSEpEARnfH+b3+MPupl0aNd8DEM/g2eyPT35+bfG+b5PGH3Uyy0dJ8BH9m3p4g76u1HtVXkj1OwV4H85s7iceXtx7/AI1xRrtXfHXzZdS5xN2nqxw1Yd9uN6ueYB1Uw1gmqTOJ6VI6Q/v6OzrSh+3k711YLn4SuJ9ePJ35ehYmUAYn1d9f+VW4E0jqL8O/Osb/AELkNoG0dp5FlwvZyEd/UobtiaR0OnATi/RVpbHwphcGgVOVabS2t6nQm7RkrRPEX0uiRl6uy8Kk7NSk+mtM2myW688kwO+KyoLXMoA6mxwJ6eYq+lQpyg5TvrbLl6syYmtUjUUKaV7N587cl6jHYYXSvDI23nEEgYDVU4krKpBLTm0kEbCCQR6FKdGaGDbay0wEOs72ucKEcQuGQGwnZlkoja3/AA8v2sg/9yo18N2UE3rd/Y5QxSr1Go6WT9b80xq3AfPFq+1b7cCvFUfvctvaYtVPCA9ToCfUVeC9FS8uPsjy1Zf5Ze7BCEKZWCRwqKHWlQgBjn0PdeTHKYmmjnNEjmiowe6mrihg6Fs0TotoPCPfwr+LdeXl10BjSQNWLi93MQuq0aKje9zzevOZcJvGlKhwo04ChFctZ2lLo7RrYS4tc9xfdreNfiilcszrPMrnPw6lSh4tDtQhCpLSHaW+VtHjR+ymglOekXkyWiv02jqqB6k1rfS4RTW42CEIUyoEISVQAqEhKSqAI1vi/N8njD7qZc1hk+CZj/QwE8zR36V074nzfJ4zfup02WN9ImU1MZjiT8UdtOjrT7RV5Hqv6f4ZfObHAn8duOFO/NVY8Lr5dR5gRh0LmMh6sOYcvVr6cscXSH1111ByO0/rtSvdPSo6nSZn9NVejM96qW7lzZ4bHJbpo+Eo+4BdDi0cUYBxoCS847FB+Erls6Mu/wDhP+5bdZ+xtfG+PhInm9QEXg6lDSoo4Ggw5FOjaM7sz42nKdK0M81daXXQdtB7pLHBZS6RjZHuneQwNYXtY7Fp4x+LgBgdY1LXuyihMdntcLeDbODVtA3VeBLQaVzyzwXZ74dj+qP6ouvNR3dPukNtey63g2Rg3Wk1NTSriRgMABQfirK0odm43v0yMeGo1e8Ke445u93y6WOGJhke1jBVz3BrRtLjQVOzFTC07m4nuFn/AG0utUbAAx2LQBxroGYGNcyQNShdgthimjlArce19DhW64GleiietJ6ZjGkP2uy44B3wgNL7mFjxdwNACOmupZaLpxg3LqvsbcXGtKolB2sm0/XoyS2LRUTC6zQ26VtoAJLQaR3gKnigU6AaqHvvB7w+t8OcHY/1Am9jTbXFdm5vSsYt5tE4Jc7hHN4ME0e6uAbiTUFwHOFwzTF0sj3CjnSOcRkWlziS3nGXQoYlxnTTWWby9COEhOnWkpZ5J3y1529DDeu+eLV4zvyldyozezeRpa0kfTA6C6AH0FXmntLy4+yPM1/Nl7v9ghCFMqBCEIAi26bTDo5xG2aRlI2uIijZIcXkEuvMcRgMMljuX0u+WcsM0sg4JziJYmR0IcwAtuxtJzeNeQUH3XWVztIzOEUpFQKljnguAABFKcXAbcsinnezszm2uUmNzQYaVLHMBN9taV78gTGVKEaXra+iFsa05Vrcr21f6LKQhCXDIhFv+UtP2g9bk2FPOmvlbRzxeymUphS4RTW42CEVRVTZUCElUVXAFQsSUiAI7vh/N8njN+6nTFY31jaCf6WcmTR66ejkFXzfC+bpPGb93Oo5ZT8GzxG5cw79ST7RdpHq9gcL+c2dnCa9eVOkaugYfgCkc/tGpaSeqnXsx5dvOVjXt7O/Mllz0lzcHcufZ6sR6lJNyWl9HwxPba4RI8yVaTE15DbrQG1J2gmnKopexp35vTVWNvWCEWeZ7jE2XhiGvkDS8NuMyqQaVLjSuZKtoZzyMePmlRu7/R2HjRrLDPjHot9CfjOs0Ubeer3CvQmHfHsFnidAIY42EiS+Iw1p/wCXdvBvT6VJNIaMM+D9KPDT/TEYoxzVabxHOSoRup0DFZXRiKYzGS+XYsJBbdp8Ua7xz2K7EJ7jSX1yF+BknXi95+2b5c2xqssDpHsjbSr3NaK4CriAK01YhTF+5KzWRgktsz3D6MTHBtdhcATrz4qh8UbsCKhwNQQaEEaxjUHlT/Yt1ttgFHVmZskaTh9oMek1WSjBRV5wfo7Owyxjqzt2UsuavZv6kjOloYdHutVjgYzjhgvtxPGDS5xBqetQJ9oLnOcTi4lztWJJJ9Kk/uv0baYTZpmusoc4ONwAsvVrW80YY53mhQpwcZHtjDnta97Wup8ZrXENdXIggA4bVzFxlNRs7r06+xVgEqbkppp359OWfM7N7M/6paftG/eQK9lRu9KwjStpDhiCajzSvJN6fAvY89W82T9WCEIUysEIQgBmDbZwjcRcvsvVuYt41+lBUYXeWo2HAsotnCsv3eDvPv4tNRcFy6A0EC9WgJJpmdScbVM5tA1hcTXHC6KUwdjUVFaYUw1VFdkEhc0OLXNrqdSueFaE559ONDgrN7LRFe7nqzYhCFWWEO00fhbRzxeyUyFPOm/lbRzxeyUyVTClwiqtxsUpEIU2UghCFwAQhC6BG98L5ul8Zv3cyjNk+TZ4rfZB7etSbfC+b5PGb91Oo1ZPk2eK31foSkm0+JHq/wCn+F/ObN3fv6AkOPfrS1781aLFz/TXV+KVZs9IYSO9XrzUh3J7iX6QifK2ZkdyTg6OjLiaMa+tQ4Ycf0KNuf6lNt7zctJaYXzi0SRAPLWtbeukhrayEB4qcS0VGquymnDwUpWZixtR06d07fk7ot6aQZ2mPohI6+OtNs3IGyuAe4Pa7ItqGmmYLdRUwg3IvaAP2qQ84d/etO6stZFDDfvPaaknOlKCuytfQnOGhGnK0P1/sTd5qTkk5X/BHbPAxv8ASOpO1h0fZ5m04QRy1NAcjspWmPMU1xJ1sGheFbwj3tZGCRU5mmeeAW2rkr3sTnbdu3Y4NJbk7pLpIRXwsYr5RAr5Q6VxQ2K466cswRrClp0xHZ2XIGvk/wBz3G6OYH1ABcVo0nHaGEPiuTDFrm5E1x5cq4GqwVcP2ivb6/yghOquJZEQ3uRTTdsH+8/lK51TG906unLZ45/KVzqCVlYwS4mCEIQRBCFptFqYwtDjS+SBgSKgFxqQKDAE47EJXBuxV+ltJTWmS0mUyyMssxYyGAiN3He9t97w0m6BHTI4uGVU/bjdISstj7CZHPjiiL28IG32g8E5rHEY3m8I9px1DKicm6D0eZ3PZebNJJI0mOaZhL6X5RxHCg26gcM8Ft0TouwWaZr4QBJOHhruEkkvhpDpOMSRmBU8i3zrQcHFRemWXz1+IXU6NRTUnJa558un6+3qSFCwhla9oc0hzTiCDUHmIWawDEhmm/lbRzxeyUyJ606fhrRzxeyUyphS4RTW4385sEISKwqFQkSrgAkQhAEc3wvm+Txm/dTqJ2eb4Nvit9kKV74R/wBPk8Zv3U6rqG20aB/tHqSfaEd6R6rYEkoyv8zY+8MsOETMdILS/SBS/smeidWKH+I3nNaMS4gDnJoFa25rc+98dGENDQBUkgVplhmqd3FvMmkIQcRV56WxvcPUvQWh4TJZnQskMb716ozphsINMCM0xwkNyDfNinaNbeUbGnRuinyWajXXS83i41OGoD0Jj03oySzuaHEEOrRw1kZgg5HFSXS9ou8FYon3XPIa5wza3oOZ9XOm3dW0RxQWcvL3tJcSc6UIBOzPDxVuoye8vUU0rqXuM0AT3o6wsmjuh9JWlxDSTdcDjgPxHSmiAJ50ZJBEzhn8aSpDW7KYXuTnPQrq7yyNs01HLU2w6IAF+0G4xuquLurVzYlMc7eMXNFBeJHIKmg6qKQs0nHaBwdoAaa8V4wDa8+XqTJaG0LhnQkV20JFVTTm75lmHcnJqev4I3vdOrpy2Ha935SuhUrvb/Pdr8d35SupZpasVz437ghCFwiCwkia6lRWhqOQkFtR0OI6Vmue3xPfGWsddcaUdsxFcuSq6tTj0G2xsa573myUcydwa6grQ4GYF1MDUk0rnrzWu02tw+E/ZHPfHJKxl1tKC6aPaSBg6oaed1KgVO/SNktLqcHIG0aRW+QSb7S00umlGg45405Tja7Da3vfdtDWsdS6A3jNxjvGuvBj6DbKa1oFcmm7tr8lDTSsk/wd2jZXuab8fB0c5rRXNgwa6n9Ndi60BCpbuy9KyIVp35a0c8XslMqedPfLWjni9kplTClwCmtxsVCRFFMrFQkohABVFEqFxARrfB+b5PGb91Oq/wD3E8saWuzaDQjaBrHYp/vhfyEnjD7qdNtjjpFH4jfZCVY52kP9kyahl8zIJNouZpxb0g19SWPR7tYKnrowdS0OsYOxYu0Y23mNe4uC5boHHAX7vltcz/8ASumHQ8k7SWFoLTdNSQaimwcqqyGyUIIwIoQeUZFWzorTLeBa+44iXjG64gtfQNc3Dlada1Yao7NIy4ptJWNLtyU9ah8YO2rq9d1NmkdCSWYtMjmuLyfi1JwpmSOVSbg2S5G2x8odJTrJITVp3RToiwmaSQOvUEhJu0pXEnl9C30qj3rNlFGTckjgibgn3RTo2WYySRNdRxDSQC55OrEYAfgUztbgnPRz45YTZ3uuODrzCcjWppy5nDlRWdzZXj4F0vmdmjrbBK65+zsa6hLahpDqCtK3cOpRy0Oxdhd4zuL9HE8XoyT9Z7Eyyu4aaRpLQbrW5kkU15nFRW12kuc52tzi48lSTT0qNJXeRZgaSnVe5oM29sf9btfju/KV1qk97T56tXjO/KV2KiWoqreZL3YIQhcKwQhCABCEIAEIQgCE6e+WtHPF7JTKnnT/AMvPzxeyUyVTGlwCevxsySrAOWVVMqQqElUhcuMkZJKrC8iqEBHN8E/wEnjD7qdY2SH4GPD/AJbPZCXfBP8AAP8AGH3U6nehtBMdZoSRnDGf/RqVY5XkPNmStAr6WNYNVmO3MQOzb61yS7jIDkXt5iPUQUvcGNFUiQiJvIrB3vp2ss8gdI1p4UkXiAaXGZAnJNjtxtPiy9DmfiD+Cxj3K2gk3QxwBpW9SnWF2G9GV0rnKu5ONm7E1mhLv+qIB+jwbfSBVMWmbEIyw8K6Qur8Z16lKdqWw7lpbt2RzLuoCri3mNBTmyWVs0KILt114mta0GVMutMac8rvIzUFFVLbxwsc0OaXCrQReA1jWE4ttFkIqLJK4bQ2o6w5cT26qY8lE42CWWGyFzW1c55DGkYNxxceo+hd37myvBWTTzvbWxzPnsv1GfzZ/uUcih4SRwaLovHP+gVNAeUZUUr0Tpa0GcQzU47Tdc0AFpAJ5iMCmpkRY54NK33XiNZvGp61yWIUFeOZKhXdFyilnbrci24CIN09bGjIPcPRErnVMbgXV0/bPHd+UrnXE7q4nlxP3BCELpwEIQgAQhCABCEIAhGn/l5+eL2SmNPmn/l5+eL2SmNMaXAJ6/GwRRFUhKmUpGuQkEUy5lhV+HTXDmp6/Qt6RcJWNQc7lyGrmr+KGufUdGpbUqAIxu7J/YH1+mM/sZlbeg/5Sz/YRfdtVTb4Z/gXeN+TMrS0G/8AhYPsYvu2pZjOIcYHy0OiwkdsQXrQZFiGCRmXrbYpWtaQ512rqinMNa1BuFSiGzmStCABh+PYpQbTyIzs1mdL7K1+Uzj/APYFNdvsIjIvEOvV1bKdq2WOymYE1ujKtK15AuTTED4i286801odh1ii7PON7BDwysmN2kdGRPHxR0YLDQukW2djrPNeMRNWubUuYdYoMaVxFNpwxWMloL3sjbm5waOcmlfxXfb5YWWuz2djeNHIy87WS6hodpyPTRVwjncuqSut1mD90Vis+MbnzS0oLzS27XbVraD0rmhtrJBWtSak85xKddIyQ2q0yWKZgDgKxSD4wN0OPMcSdhAxVfguje5h+MxzmmmVWkg+ortVNaaEaNn7i7gD/r1r8d/qiV0qj97N9dNWk7Xu9USvBbI6IxS4mCEIXTgIQhAAhCEACEIQBB90Hy8/PF7JTLRPW6D+Yn/8fsplTGlwIUVuNmKRKkUisEIQgAQhCAI1vhfyTvG/KmVo6DP8JAf/AIYvu2qrt8I/wTuf8uVTDcPp5lrsMLmOBcyNkcjQcWuY0NNRqGFRtBSzGLxDjAeWSuSbBIHbc9mxcl/ly2pWPx9SwjCx1SyUC3WBofG6O9dN6uGZGHWuF5qaLG0gci7GVmclC6Oy3ytFyzMdS8QHEZgHVznP/Kat1c7IoooA685pLjtAoaV2VrhzLhtRFNmzaVH7W4Cq66l1YI0rNO5sZpG5KySnxHtdTaGkEjqT/ug0TJO8WyyHhBIGk3XBrgWgNqKkagMMwQoW52fccywsek5oSeBleyuYa40POMiuRatZlkoNu6J1oLR0lne622wllxpoHOvPJIu4mp1YAVrioPa7UXyvecC9zn815xcR6Vrtuk5piDNI99MrziQOYZArjntADS5zgAMSTgBy1XJO6sghG2bOzeqdXTE5/wBz/VGr3Xn3eXtQl0m94yc6Qjm+Dp6KL0EtqVkjBLOTBCELpwEIQgAQhCABCEIAhe7GB0cvC04jwGuP0XDKvUPSmKlRXMKzpYmuaWuAIOBBFQecFMUu4+ykktD2VzDHkDqNVpp10o2ZirYaUpb0SHcGUcGVMBuQg+nN5z9Ee5CD6c3nP0VnbwKe6VPQh/BnYjgzsUw9yEHhJvLHYlbuSg+nMf8AydgR28DvdKnoQ4xlJwZU19yln2yeccsPcjB9Obzn6I7xAO6VPQrjdRox09mewCpxOXIWmnLRxVIET2aSoc+NwqLzC5pO2jhQ9C9be5KD6c3nP0XHad7ywSGr2OJ23qE87mgEqirKMndGqhCcFus8ue6O2/W7R56T+5Hujtv1u0efk/uXpr3rtG+Dk865ZDew0b4J/nX9qpsjRdnmP3SW363afPyf3IO6O2/W7R5+T+5enBvYaN8E/wA6/tS+9lo3wTvOP7UWQXZ5fOn7Wf8Aqp/PSdqwOmLSc55vOP7V6k97PRvgnecf2o97LRvgnecf2rlkduzyz+9rR4eXzj+1J+9J/DS+cd2r1N72OjfBP84/tSe9ho3wT/Ov7UWQXZ5aOk5/DS+cd2rB00spDS57zqBJd6CvVHvYaN8E/wA6/tW6y72+jWGvAXuR73OHUTQrtkF2QHeE3NSMJtLxRoDg0/Sc+7UDaAGDHaVdawhhaxoa0BrRgABQAbAAs0HAQhCABCEIAEIQgAQhCABCEIAEIQgAQhCABCEIAEIQgAQhCABCEIAEIQgAQhCABCEIAEIQgAQhCAP/2Q==', 9500.00, 1, 2, 2, '2024-11-15 09:33:35', '2024-11-21 10:11:03'),
	(83, 'Reloj Inteligente Apple Watch', 'Reloj inteligente con GPS y resistencia al agua', 'Apple', 'Watch Series 6', '/9j/4AAQSkZJRgABAQAAAQABAAD/2wCEAAkGBxMTEhUTExMVFRUWGR8bFRgYFxsYFhoZGB8YHRoaHhgaICggHxslIBcYIzEhJSkrLi4uGB8zODMtNygtLisBCgoKDg0OGxAQGjAmHx8vLS0tLyswKy0tLisrLSsrMS0tKy4wNC0rNy03NzIvLi8wKy4tLS0tLTUtKy0tNzctLf/AABEIAOEA4QMBIgACEQEDEQH/xAAcAAEAAQUBAQAAAAAAAAAAAAAABgIDBAUHAQj/xABKEAABAwEEBQkDCQUHAwUAAAABAAIDEQQSITEFBkFR8AcTImFxgZGhsTLB0RQjQlJygrLC4TNikqLxFSQ0NUODs1PS8iVEY3N0/8QAFwEBAQEBAAAAAAAAAAAAAAAAAAECA//EAC0RAQEAAgAGAAQFBAMAAAAAAAABAhEDEiExQVFhcaGxBBMikfCBkqLRFDJC/9oADAMBAAIRAxEAPwDuKIiAiIgIiICIiAiIgIiICIiAiIgIiICIiAiIgIiICIiAiIgIiICIiAiIgIiICIiAqZJA0VcQAMyTQeJUa1k1wjs9WR0fIMD9Vp66ZnqC5zpLTs05rI8ncK0AzyAwGAPFaTZp1G262WWP/UvncwXvPLzWon5QIx7EL3facG+lVzUz8efqR5d9DpuPL4nx7Q21pP5OUJ+yFg7ST8FjycoFo2MiHc4/m7PFQd0/Hf8AADy770TcKu8PEqyWnRLTrta3ZFg6w3DzrwFr9I6+zR/tLSG9QawE+Larn2m9aXOJjs9Nxfs+7v7TgtVZbBerJK4ne4rUiJ1Lyozn9m+Z/YAPgkXKJpHY2Xvu+ihMmk7uEQujecXH4LHdpCU5vJ/RTcNOn2TlTtbP2sZI/eZTzFFM9X+Umyz0a/5px2k1b8RxiuBRaUkH0j3FZkdta/FzQT9ZvRf8D3hXpTT6lY8EAggg5EYg96qXCdUNdZbGQHO52zk0Oyh66+y7yK7ZozSEc8bZYnBzHZH3EbCpZpGUiIoCIiAiIgIiICIiAiIgIiICgvKDrZzP93idR5Hzjh9EEYNB2OIxrsBG/CcPeACSaAYkr5p1s0oZLXaHOOcr6Z5BxDc9wA8FKMuS2VNTxn7sfAbVbNp425ZeOHbXcKaR1sxz2/mHwVAtuXd+b4qNt6608eHlge4daoNr21+OdfSh7SNy0TrZh3flA+K8fbRjjv8Ad7ggkVkmxqdmHePhX1Wp1p0q4nmWVAp06Z40o33nqI61Zh0hQZ7T6krL1U0QLVaXXgSC8DdnTI9QW70jPlgaF0YXODWguc4gUAqSTgAAsrWexTQymCVhjLMmnb+9UYEHZTr611jkx1UYyaWY9JsTiyMkZuwNabwCO89SkvKBqgzSEBAAbOwEwv8AVhP1XeRoeorenQfM/HnxxgvOPJZNrszo3uY9pa5po5pwIINCDuxCx+PXjt7VhqPDx5ccVVTXEHDP9eOMVTx6ceITjjjLsVGzsVr2ildoOII6xtCnWoOtJscgaSTZ5DRwzLD8d28VXM2Opjxx+hW4sM4pjkcHDb/UHEdi3Ltmx9TxSBzQ5pBBFQRkQciq1znko1iL2mySuq9mMZ+s04++viujKVBERQEREBERAREQEREBFRNKGtLjgAuOcofKy2F7oIAJZG4OBPzTDudTF7htAIA31BCm1dC1otxIEUYvbXkZdQrl1+C5tNydxyyvlkkl6bi4tDm0BJrmBXzXNLZyg6SlJPyhzBuja1gHeBXxK1smsNvNa2q09fzsnX19R8CpqruOzM5OLHtY8/7knucsqPk/sY/0R3l59SVxKGe3yirZbQ7Gn7V2Y2Yu6kdYrcczKf8Ac7D9brHiE5aczuJ1JsY/9s09w/NRYVq1UsAw5hrDuLaeYw81x+KfSMOLZbQ2n1ZTs5zYHYj5mQ7qNrkRWY6rcoxkIs+kaEHBs4Aa5hOV8AUp+8B2g4lTVXbN0hq1Zm1usp3k+q3OrEsNnY94ABa0hoApQnAnwr4qu3WBweWO9oYtcMnt39u8LGl0Y5oLgKgjpDePig6dye2a7YmOOcpdIfvE3f5Q1SRRDk10uJbPzBPSg6I2Ex/RJG8eyc8hjipetRiuPctmqwFLdG32qNnpvyY/v9k/d3rkDhx5fp4L610to9lohkhkFWyNLTvFdo6xmOsBfLGl7A6CaSJ46Ubi13caVHVhUdVEqxgcceFe0FecceNewqsjjjr9V5xx4EKNKaceX6eCv2OWh6j67Ph3Kzxx3EeCce71xVl0JZoLSToJY5mmjojXtYTiOwE17CV9HWC1tljZI32XtBHevl3R8+R8R1ZOHqu28kmki6zvs7jV0LsDva7L4/eW6wniIiyCIiAiIgIiICIiDnPLPrU6x2UiM0lebjDuJGLvutrTrc1fNDW4Fxx3deePcaYbarpPL3pAyW6OLYxhcMdsjiPwsYoZq1Z2yW2Fkjei13Sadojq667ZjdoVm3UtTPKY423w2Fm1Lt0sd9rGMvi9HG6RjJXNx9lriDSjjnRRmZz6ua6oNekCKEOFaimzEuw61KYrIy0sfbZ5ZjK75Q9xbdDY3wiExipJJaTNGwUpQloGAqrWtREktmnIo+aysklO10gL4y89bubDidpNdq445cTHOTPXX14vrv1+n+tSbm2phkna2rXUF+/s9unZ5ZKxDa5i5ga43myXmDCt83cf5G4ZYKTx6MJs4Ikg6QL8ZgD0WseRSh6fSu3DQ1ad4rhaq2VsltY12TroOyl9zWE9tHFdcs+XG5ZeHbh8PHPPHHfS9/h7XIdX7S2IOvG5eLj0H80XHokGYChqKtIrtI2lYVod8ovNkoLSXuoAw1JJcbuHtPe97WjY1sanegNYpZbZPC9pui8WNvEMaxpDBBzfsFhHRyreNc8oTrMTBbDzRuuALa1r9eP2jtLR7XeuXC4nEt1xJOs3Nfa/L32rGPG4fHxz5cOW4Wed7l8/P9vlPPReTLShtVjMDzWWykXDt5sg3R3AOb/Aug6Os4kjxGWB47CFx7k4n5nS5YLt2ZjgLgIiqBfIZX2mAxuaHbaV2rsuiXc0Ji7BraYnqqumSRGmudYbcyUH5t5AcKZA1DsdxF3DYW1GZXWwVyfSdqbbn0ipRuPWQNvUKkeKn+gtKXmtieLrw0DO8HUG+gx25LWNSxuVwzlu0RzdrbMBhOzH7cdGu/lLPNdzUB5aNH85YBJthkB+67onzLfBaZcAI48j6hUccd4PirpGPG3D1oqOPf6grLcU8e/0NEpx5e8Fenjs/oUpx5etEGVo9+Y7/cfQrpPJbpDm7awE4TMLD9puX5AuY2V3SHX7x+hUq0BazHJHIPoSNd3ZHzu+C6TrGa+kEXjXVFRkV6soIiICIiAiIgIi8dkg+U+VOS/paUfVEYyvfQa72dueSidgtroJmysILmOqK4g02b6EYd6k3KUK6WtApXFmFCf9KPYMfBaLQdms0kpFpndBEGk3mxmV7iCKMABABIJ6RwFFJ2TLGZSy9qrikgLwHPkbE5pL2gmgecaAXT0atZn9UY4KnSulTLK0/QiY2KMAU+bZg2v7xzPWSpRatTrILQSJpmWJlkjtUj3taZ7sobdjaB0Occ57WipoMcTRYs+htHWmCd+j3WtstnZzr47Tzbg+IEB5Y6MCjm3gSDmMlnknNzLj0x5WtGlRzHN39uX7udPHYtfYNImOYSY0yIGBp1Hft7QtxoXVQPmaJ52CFtm+VTPiIkc2KgNymAExJa26ci7bkdjHo7RdtbJFYmWqC0MjfJEJXskZNzTS9zCGgFsha1xFMMD1Ld6t4Z3DKZY94z36zWQE2oRRfKTjzoe4m8cDILMRdEmeNaVxUB0lazLI5+VchnQDABS91j0bYYrOLVBPap54WTG7LzMUbJaljRQFznUzrhuWp1y0RBCYJbKZOYtMXOsbLTnGEOcxzCRgQCw0dtBHaePC/D4cL/r9bb0nade0nidnTPi43HlwxmMvW631v9be3ptdUXNGlLFcc5wuUvOeHOPQkaKgEhmFAGVNG3a4krrWsdrAstrFaUc291NvGvkuTavVGlLCHMEZDQCwBoDKiQ0uglwzr0zeNanMKZabtNZ7VETQPdSpFQKSNOLRWtcqU2reXdynZc1ZtEhBbZYiHyUJkkLKNjaSHPDL1Ti5uBp30ot/o22TQzM52YSNviriwMu9YLQARvr15JqnC2kzvmyb93Bl2RrWtqQSQCGuo0gU2KvSYrUHaueVyt/S64zGT9Xl1IFaXXSyc7YLSylSYnEdrReb5gJqbaTJY4iTUgFp+4S0eQC280Yc1zTkQQe/BdpdzbjlNWx8lStxPl6+4Kg59Xur8Csm1R3XUOw09xWOcu73fEeRUWKLuzjIj1AXh48AfcVWff7x8T4rwDZxtHwCK8bge/0PwK39lODvs1/h6Q/CtAcu73fEKQ6MZee1v1uj/EKe9bxSvo3QMt6zQuOZjb6BZ6sWCz83EyP6jQ3+EAK+oyIiICIiAiIgLx+RXq8fkUHybylf5taO1m7/AKUe8geaiLzica9ZzKl/KOf/AFefGmLMf9pm4j1Wg0Ro9s8jw+ZsQax7yS0kuuNc4hrRheIGRIHoc3KY47vhdbqdSaRs0p+SOtEcbbToyyxCUurHHPCInhkhbW6KsLXGlW1WBZ9HR6NgtUj7ZZJ5Z4HQQxWeXnj86W35HuAo1rWg0GZJGVFqbdqoI2OeZwboe72KAiO600N7MyPaynbuosuw6jiSWSM2prBGW0LmXS4Pje+oaXAggsAocbrr2QoefD4/D4l1jfv4W42dzVnSVibM6LpwRWmx/J5pHm+GzuuuMtBjzd9jcNgJWbozRcOjOctclusk8gikZZ4rNIZi6SZjo7z8AGsaHlxriaUzztDUFlCflEg+bvhroKOrWlwgPJvMw5z6l5tTjgn5P2Nc/wDvQc1u1rGkhp5u5I4c5hHV0152QbCSK1oOzK9qTrNfDILYLC+z2dpIktUIlmZGMeahxDnkkmjTUCu4AKPa76xm32p0wYI42tEcEYAAjiZW60AYbST1uNMKLG1l0S2zTc215fhWrmhpzc2tAT0XXQ9pri17TtWpQTfVoNGkrBcLiy6Lt67WnzmxrQBjU0q7PFxyE407YiJLXNgBGQbxxABeKkjsqe5QjQE9/SlhPOGXBovuNXH9pn87IQeoluzojM9X0+wfJ7X1uZX+MLOXdqdmHqZpJpZIznAaOvtaI7ri0ikji4EtcKubQZinhm6UcACa4bOtazQuhDzRdZ5HxSNLaAySGNwxJY5tcGkgZbsjks3Rujp+da+cQtAcDRlXB3aHAACvbl14crMt7xdsbjZrLx6+3w+vydB1RshiskTXCjiC4jcXkup5rcIi7SamnDK7u3y3rFFdtMo3SuHg4haynH8S3et7aWy0Yf6z/wAblpqY8b3f1UXFaI47mlKY9/5v6+Sqph3flHHehGPf+YcdyKoAy7vR3Hit7od1HRnrafRaRo93q7+q3Gi8mdy3ilfUKKlhwHYqlGRERAREQEREBePyK9Xj8ig+TuUf/N5+1n/EzcD6KMWd7KkObeJPROI37K7yPBSXlI/zaftZ/wAUfUfQqKNPTGNcc9+Kk7Le7IkshbGx5pSRriN/Rdd9yoEYqRTaPQra6TicLJY3EdF0ct04Y0lcD9I7d4HfmvLNoeV9rbZrtyR72NAfVoF5pIrhUChrksfn46363/j0rply7/T8Pt1+rXQ2QvBugdGNzz2NJqfRZUFlaYXPuiofGK/aGPitnq3ZKm1tNKsscxPa1y9sFnro+Z+6eAeLXfBP+TjjbNep/d0dMPy5N31l++uiOXfzeQK8LcD9keoW80pYmssVilAAdL8ovHabjgBXxWDpbRz4bgfTpwxyNoa9F9CO/qTHjY5fWf23VcspJ9PslOh5C7SlgJe59WNo9zXNLh85jR2zswXVNP8A+Gtf2mfjC5NoB97SliN9khIbecwNAJ6eYDGEGlPaBd1kUXWdP/4a1/aZ+MK5d2Z2e6vTNZBI95DWtoXE4AABxJJ6qK7oi0seTcZK2rr/AM60tJvmt4Vxu45HIEYDBa7R7b1nunJ00DXdYMjajsNKdhUgkeTL2nH19yjSeoiLo5vmXW/G2Wj/AO6T8blptvf73LcayuvWqY75XnxcVqePx/0WWsVmmHd+XjyXrhj3+9vHiqiMO78reO5CMe/8w470VSPh6u47Ft9GDBnYP6rUjZ3ejv6Ld6JZUxjraPRbxSvpiPIdiqQIoyIiICIiAiIgLx2RXqFB8mco9f7Xnpias3/9Jm7FRmC1Fl5vRo8i9hlQ1wpx4BSjlQju6VmvUo4RnGtKc2wbMdhUPu1NBvwUnZb3bjScn93szOdY8NY4BrRQsvuDyHGuJq47B7KyJ9KSC2NnD43yX43AtHQ6Iu4tr1CuKw7Poy815FDzbQ59XAGhcG4AnHFwyWB8nN+7Xv2UzJ7sfBOl6OfJj69/Xv8Auz7BpFzedIcwGSF7H3toe6pDf3ty9gt7hA6IFlx0kTnA+3VrXCoxyG3uVWj4oXi4IJpHFzWtcypdVwNBcGBcSMG7aZrX2myFkjoyQaHMZUzr4LMyxtsa/Ll8fyM212xzrPAwuYWx87dA9oXyCb2O05YDvVrSmkHS3b92rIo423cMGAUricd/oFk6NsUT43F8cwaDjO0ExsrQC/hQCpG2uIWsttldE90bs2mhpl1EdRFD3qzW+zpfw/LjM5qz4eLevX5ploK9/atjDmhjmgBzAXkMPzhuhsnsjGt1pLcajA0HWNYP8NavtM/GFyXVVo/tSxta++1rei6+XAgNkPsnGPbWM5GpGBC63rG3+62r7bfAP/RTLuk7MXRX7Fv/AOiD8YW8P7Qdp9CoxobSDDA47IprO53U0yUJ7BQk9QUpbHWYDbe9cPeFGk9VMj6Ak5AV8FUtbrLaObsk79oidTtIIHmQujm+bre+9IXbzXzqsI5d35f1HgVk2g4nsP6edFZcMeN4Ho0rLU7LZGPf72j3FUjj+Yqvr7/V3wVJbs2/AAepPiiqKYcbG/r6qU6twXrRAzfIwfzBRoCppvPqQPQFTrUCz37dZxude/hBd7lvFK7uiIoyIiICIiAiIgIiIPmblysZi0iyShAfGMRgasc4Gh30u+K58zCQYAAk0pltGB2jrX0Hy76smezc9G2r4TfFMy2gEg8A133CvnoG8P3hljsHbuAAA61ItTmwaQ5vR7opOb6Z5yJjxevBrqA3bwNXOe+jhhSz0NQVE2OF9wIJJjcBQ0Ndmw7ljm0uFQRiMCevgFY/OODr2RBzXLhcGcO5Wf8Aq7Zk0nUesFgETYRGQAyt6r7wN8PDWkdJslWtOBuEg441USmZeIDWuqIukCbxqMSchQU2bF42dl39hVxdgam7Wns0pvxpVWbNa3skbK32gcDTA7x2UNKbipwfw+PC3y29fd2645S5Tm7fD0mVrktEWjfk0lpjZD8mjlFnvtLpHTzucwtDcXFrA1xBPRwwUb00z52IEVcIo+cBO0NFanZhSpV+G02Yua5lmeZHGjWXvmr9RltzIwyxXkUpjraZXOEri4XC0dIOq3FrvaiN2aNwFLvR30XWbtds5hw+HcZlLcrO2+037k/m0m1Ds/OaYbQFogY4XXNaHNDW82GuLfaLS8NvZkNBXY7FCJmzscKtd7y74LmfJHo0wWeW1vFHSm5FXMtbXEdRd/xrp2i5gyPHbifd8e9TJwiLv0Y2wl4LRJHI0scDkWu2OHv3V3qbaoasiENlJcagFjXSPkoKdEVfSgFcuzHAKH2yU2y2R2dgJAcLx2UxJx2kAVO6o3hdba0AADIZKyJa9UQ5UrZzdgc3bI5rfDpH8HmpeuVcs2kKvihH0WlzvvGg8Lp8VplyyT3+QxPpxVWiKdvvp/3OV1w/Xvz8q+KoPHqfO6FluKC3w92A9AV519/5j6NVV3jyHmXeCFuzf6HD8Iqg9sjOk3z7hj5uXT+SWyXrU5+yOM+LiB6VXOtGsqSeMcT7l2fkksN2CWUj9o+g7GD4uPgtzszU7REUQREQEREBERAREQWLZZhI0tPcdx3r5/1+5KJGSulsYAriYa3RXaY3HCn7ppTZsA+h1RLE1wo4AjcRVRXxnbtGWqGrZYJWU+tGQNowNKbTiN9VgvtBNagYmpw29LH+Y+AX1NrjC+zXJIgDG7ouaa9F2YIO4457utQl2vNlJLXlgIzq00wwzIp5qbXTj1i04+OguRuo/nBUHB+GIx/d9Vci0/dLCIYxcdfbSuD/AJrpDHM8y3xdvXYW6y6Pfsszu3mz7lWLXo53+hZT9yP/ALU5jTi79MktuNija3GgpWhc17CRXaWubjvjad6k2rupdotT/lFtvRQVLnF/Re+pJIa36IJJNaDPCq6XBb7Mz9lHDH1ta0fhAVi26UYcXvrTIZNHcnMaWpLWBdo25G0XYYxhRowqRswwpsCs27TZu0BxK1lt0iwnAgntV3Q+jxNfBNHXS5vXTMe/uKyrofJjoO5GbU+pdL+zrsZ9amy9TwA3qdKP6hWm/YYRtjBjP3CWjyAPepAtxivCV88a4aT+U2qWUZOd0fsjBvkAuvco2mRBZXMB6c1WDHJv0j4YfeXCpnVNeKYV46wlIsO8vd/4+qp478/Wg7lcpx15U8QB2Aqmn6Hz+J7go2t049PMuPcl3jqOH4RXvVdBxsGXk3zKrhivOA35+V73BUZ+j4ujXea+K+gtWtH8xZYYtrWC99o4u8yVyjUXRHP2uMEdFnTf2NyHeSB3ldqW76YERFkEREBERAREQEREBERBYttlbKx0bxVrhQjjavnXlB1WdZrXI0CrHUcw0pUOGJoNtbwPWOtfSKxrdYIphdljZIBkHNDqdlclB8mGwdWz3fovH6OG7y7F3nW7k0ika+WyVjlAqIhTmnEbACOiTjtpXZiSuK2mKaMuD8LtQatxFMDXaKbexGttcdGCuQz3dZVv+zhuHh1H3rPM797fAjd19ifKHf8Ax8cFFWrJooEeyPDqC32qmkDBOQ54bG0BwvGgAFb2J2EYEdq1Vntz2H2Wkfa8Fm2e3seem1rHVoM3A1ptAzWu80jv/J9EwWNr2OvCVzpD1EmlO4NHfVSCeZrGl7iGtaKknIAZlcf5NNZBZpOZkNIJDhuY/K91NNKHdgsvlD1z52tngPzYPScPpkbPsjzUs0yjuuunja7Q5+TB0WDc0HA9pzP6KMu4w6t3n2kDYrjjj3+8fCvnkqePI8ee5ZakUEcd9PHGnaSVTTjxHhhTsBVy7hwNg8Ph1le3ceN+7jcirXHVlX3V7AFs9HWegvHblXdxj3qzYrIXGpGA8zxn2AbF0HUPVzn5OdePmYz/ABvFKN7Bme4bcN4zylqXcn+hfk9nvuFJJqOOGIbTot8ye002KUIijIiIgIiICIiAiIgIiICIiAiIgKF676istdZYqMnpjsbJ27nfvePVNEQfMWl9BTwSFsjXMcD7JBrTOoINHCu0LWc27ea9hzocMs8fVfU9v0fFO25NGyRu5zQfCuRUU0nyaWKUG6HRuzBrfHeHVJ8VNNSuAmM93Z2b29Stvj7P5ev48YLrVq5JZR+zkhPaHNPjjwVhTcl1sGIuOrndeAa1rtaOPIu4g+j7bk15Fd9Rj4HPr2rYSw3sRnt68vP1W7m5NbcBhCSeqZu7H6XgqI9T9IMwNme4doJp9q8arW/afJHjGdo4xdx8cV4I+OwfE8HFSUaAtORss+GwxOPgQMlfg1UtLjQWWWvWLo2n2nUGamjaKuj48B8f0zWXZ9Hk4nAeB/TjJTexahWokVjjj63vqadV296qVaI1EhjIdM4zOGwi7H/Bt7zTqV1Im0P1U1UfaSHUMcAzfkXU2MH5sh1kUXWLLZmRsaxjQ1rRQAZBXGtAFAKAZBepagiIoCIiAiIgIiICIiAiIgIiICIiAiIgIiICIiAiIgIiICIiAiIgIiICIiAiIgIiICIiAiIgIiICIiAiIgIiICIiAiIgIiICIiAiIgIiICIiAiIgIiIP/9k=', 2400.00, 1, 4, 1, '2024-11-15 09:36:55', '2024-11-17 22:02:05'),
	(84, 'Laptop Dell XPS 13', 'Ultrabook de 13.3" con pantalla táctil', 'Dell', 'XPS 13', '/9j/4AAQSkZJRgABAQAAAQABAAD/2wCEAAkGBxMTEhUTExMTFRUWFxcaGBgYGBcYGRcYGhcXGBgaFxgYHSogGBolGxgbIjElJSkrLi4uGB8zODMtNygtLisBCgoKDg0OGhAQGy8mHyIrMi0tLS0tLS0tLS0rLS0tLS0tLSstLS0tLS0tLS0tLS0tLS0tLS0tLS0tLS0tLS0tLf/AABEIALUBFgMBIgACEQEDEQH/xAAcAAABBQEBAQAAAAAAAAAAAAAAAgMEBQYBCAf/xABREAABAgQDBAUHBwYLCAMBAAABAhEAAyExBEFRBRJhcSKBkaHwBhMyVLHB0RQVQpPT4fEHFlJ0lLIjJCUzRGJygpKz0jQ1ZHODhKLCQ6TDJv/EABkBAQADAQEAAAAAAAAAAAAAAAABAgMEBf/EACwRAAICAQMDAwMDBQAAAAAAAAABAhEDEiExBDJBEyJxUaGxQoHwFGGRwdH/2gAMAwEAAhEDEQA/APuMEEEAEeZvLfymx0zaGKCcVOQmXOXLSlExaEpShRSGCTelTqY9Mx5S8p/94479Znf5i4tBJyplZOkJl7U2iSwxuJ+vm/GJQn7Ufd+Wzn/WJsM7ONVDIt12MTpaVOCo8I2ljiikZNjCZ+1D/TZ/186EHG7UH9MxH182LmQGzGv4xGnHeNLxCxolyZCGK2p67O+vmx0Yrajt8tnfXzfhFgCCEs758Ov4cIlSxUFncgX1pTvi3pRI1sqJs/aqaHHTXOk+b8I58q2rf5bO+um/CLWcjph9G5m8OEh2q47+uJWGJGtlT8o2t67N+vmfCFqmbXDPjptbfw8ztZnaLeaQAm79RfV+EdQtwdXu2WVs+rSJ9GJHqSKjf2wz/LZho9J8x/3b/EQmdidrpDnGzeDTpleVKxbyEqCiomhTXJy5NuT+BE6ekkOMgSkZOxZ+DxX0ol9Toy8raG1SSBjppan89M5aZRL/AJYoPlq+fn5lf/G0SDgpgZmGrdZBPa0WWDW4F/Ye+DxREZN8lCpW2AQPl0yr/wDzzMtejC/N7ZP9OX9fM/0xpwg9Eg2NeIIZu/tAhSw5p3RnKMUjSNtmW81tn15f183/AEweZ2z68v8AaJv+mNUEUNXA8dkQsXikoV0iwuo0JZrAc6cYqopktUUC5W2AHOOX+0Tf9PCGlL2sN7+PL6PpNiJhaj6ae+LqepSj082ISDQZ11NO4dcTFrWFCUmV0SQ6gGsagU3QS130jSOJMzlOiOcLtj15Zo/+0Tf9MNKl7Xdvl0w/9xOb92NWmed11JIOml9bwxJWDvEZGtn6u0WjL2rk003wZyZh9sAP8tmnliJz94hMiVtdaQoY2bXI4icD10vGnxuIKUEhnqwpUuwFfjC5b9wtna+nONIxi1ZR2nRl/km1/Xpn7TO+ERZ69qIVuKxs52BpiJzB7PSkbbeY58T3HkHhgBK1LYAslyc2L08axZY4kOTM2dn7X9emftU/4Rs/yNbUxgx8/B4meuckSfOdJapm6oKlgbql1FF1HCGgXGbNSO/kx/37if1T/wBpEZziktiyZ9pgggjMkIIIIAIIIIAI8peUqX2jjhT/AGqd/mrj1bHlna6H2jjrN8qnP9cuL4+4rPgcwsgJSye16xbeYcJAqXDcS9og4UVEXfmnTbrjZsrFDGKwCkCtgSHFQ4uHs8MAUTSL3apR5mUEBO6U7xzIUW3kE5hJGn0hFWJYoEkmgq7MWiUGivVKIWWqC3VrE/DoqC1cgHr29sdWNHcd3IRIwEwhqkdxp7bPWL+ClbkLHSylQcvTXXLh98Klpzsx7r0iTipe8XLUcuSzdZjkmV0RTvFOHCLLghrcCgKZu7LwI5LlgKBTQpPHXx2QpJAIr2HwIXPSB0gaNXrgBrH4YrQdxTHV88vHxhWFxI6SHqCxpYs9dLv1wpOIBcsAOYNs9ePXDk2UzkAO9iW0d4ybaNUrdoj4nFebbe9FR3aamr3tEpDCoYPX2CIeLQN0k5aZMcqWeF4OeJiQQ/WCLXel4ylPa0aRjvTJ8smsMYqaQCU3oRpdqvp3w6m1CNPv5Q15mapX8Gd0i7ITTOqsg7eDHNlltR0Y0uRQWFgjvA72yijQmYCErSCymBo9yemSWNAD1Rp/NIlsqfMSsm28sS08wokKWMui4fWG147Br6J+TXb+dmddVJAPbGcepa4i3/P2E8KfkgLZQBBvR9CDZ+cMz9pISyVKS/aajQWJienCSZnRlrJcfQmSZvVRYJ9oaG07GmSlnphT1ZaTKUGYBt4MrqJjp/qINGHpSTI+D2p54lMtizdI0Fb0Z6fGJW5uAqvx/DKKWdg5gnmakJBBDpUlSXPEEjP2C8WAK5i6Slk8AokAByyR6Q/sua82mlIOTQ2mSFLClqNLVG6CA5ZNncjwIkTsTuFlO2rGhcCugr4zfw2AmKAMuTMfNSkFPEVWzX48rxKTsiYpkqCCGt5xArkPSNWGcRLKk92iFB1sQ0Td6xfxWoNqg9kOYfogsCd4uTQcvY0EryYnImPvACzO6gM90BzcxcIwLXdhkxB6wQ47NIv68FwyFhm+UVCFl91iGpT2xI/JiltvYgH1R/8Ayw598S5syVKUksFgXAOfA1s3ubOIX5McT5zb+JWwTvYVZYWHTw9uEVc9Xglx0+T7ZBBBFSAggggAggggAjy1tRbbQx9WfFT/APOmR6ljyvtM/wApY39bxFP+tMi+PuKy4LCQndarvX3RoMOi2rCuQjPSH3hx9zRpJC2D1fLLKNpFYiMWPojrOvKzDhEcIY0FwL6EVpxiwmBO7YkkjMUvQUvaGBLat6FtaaFsoJlmhuWgFVGYtftq3XxrDkwgEhiDrS7GOpFWU45u4fhpV4bLFdMn7uJi1lWgxMtwb38e2HJKWQz1bK75VyMOTpTAFwX0LkcxkfjC5LNUfiRSo5RKexDW5CnSxwpz98OoSN0B9H4jV4cWgAVd/H3xGNCw5tl4raLooxrEYPdqBavC9SIYkz1KL7xDPSrZXA98WssuGNgPbeK75K03fBPEZeK5RDimtyE2nsIVtBL7pdI3QXLCmhexpCJU6XKQyK7/AEgHfUuBYAAZNHZ2HqSGqa0fnXxeHMLKQ5SAN5d82anVHE8dWdiyWXcmQFeZlqopSd9StCWPWAAqnEQjbO1BJRuIBXZKWY1AdRINC2hoSS9miVtjGqEwSUW3d6Y11EsyXyDNbWM1tIKCXcuSQC3Wqts/ZHn4YPLUpfNHZlmoJqJnNsuTvLJVMUXcqfdGh1MIwOBUrp7rjL8PujmNmHfqLVZVeNXvyiXO2lupG76RY9QYh27Y9jTJRUUeXqi5OROGzEFJf0hwDu+oBYuW6olYCcsHzaZ6d8Od2YXlKG6l0rDMgirKP9YPaKIbQmKASABUVAN65dZ7Yn4QIkglVaF9SoHidbco554prl/CN45INbL9zcYHFTqHzTbtt2dIXLDW3d993trD+L28B6UxAGW5uKUc26Cd3r334GMHImKnK9JQq7PQ3bqAAy1iccCBRSpgQknpO9MgLs1C1rveOd4N96/x/wBbNFk2tFnitsbzrG8Gs8whRDv9Eh+tzWAbWmHeKlndY1KlDL6LKswFaV4wzgZahvEh3zU9AHYaA8s4TiQQgboSa+jkXLCpuK1i+mKaVEe5q2S5O3Jno9Fxr0rkkBnLuSTrlq7KJ02Z0lE8ulawZ3pow7Ii4NH8IyuhusSl6b1GASn6Iez/ABibMACX3klRZg7HsfTvMWdRIVyGcQgsEjdBdzVz1ZDTSsT/AMlwA29Pb1M/vYaIuIKUOd3eJA4f2b0ap0ib+TUfy/P/AFM/vYaIU7aRMoVGz7VBBBFzIIIIIAIIIIAI8n7emEbRxrV/jeI/zpkesI8meUZ/lDG5fxvEV/60yNMXcik+0ucKoEiruHsbvYdRjQyx0X5fDxzjL7JnCgJ9z8o0ciYpmBcE26rnSN5lYE/DFshUXLFhW2lIQJdaPTPlppC5OIUEbpIIGoub3FSKZnOHSy2AYnsqTrYZXMUNCJNJsWuT2+PbCpIa6QXFPAtCpiKtevVpeOJT1N7YiyasWCWYu2WjnPxwh2RJYfHsembwyn4dfxiXLSyfHC8TGWxEo7kOYYjJRXO3vpE3FmrHPt8dWcIw6QS7s5NNNKxrFmUluJloNRrd/Hh4qsfMKSxIGjs3B9G55ReIkn0qgF/AryiJtWQ26o1FXGtqdsXszZWyC6MjUtk9Goxzv1nlFpsHDHeQ+at48h0uq0V+BXvJIDgDiGuwAAyDpIMXewKzRbdSCWFj0VJbvjz+qnUJfD/B2dPDdDW0Ju8uceJTSwQ+5U52SYrThirqqM68dIlTFlSd403lBRb+sgq6rnthvF4ndO5LAK77pJqlwCT2xHS4+Pj/AEW6iapoxW0EnfUpViotyHs5QrZ+zzNPAZ9saPakpAQEUdRISCGLk1repr1xc7E2GJUoGpUWJPuj07POKBeAMqS6UirFz7W1zaK9Mkb7lqCg1cWauvc0budg99O61G8BraxRzfJ8u6aZeBFGrLJ0RcDKlBaQlnILsSDRmBrQ0en4XKJLijcw10h6vThEbZmxRvqStCmYdOtyGYGlWHccjExezzJapGbglqGxB1Hgxw5sPmztw5fFEbEY3cSWfTiSeIyZh1QmbMdiR0gKAO6Q56T6G2sQZaFKmqUsqAJoFUFAauT0R3VhyTNuT0gOYAsOPdp1RzPUnR1pQav6/wAsmSwmWkFy70rdWpYsC5z0hsKqHBcEvum7ioAytytyiDtXGbsxCSlkfpE35NlXMRL2ftFG6U7xILspqh6MxDEm9LPFmnV/cpGrcfsOY5CNxKSaqWDR6kOSQIn/AJMB/L0/9TL/AOPDxTTelPAG8o7hDNRLm9eyLb8lhB27P3bfJFN/jw/ARXE918fktnVRfz+Efb4III6DjCCCCACCCCACPJXlOP4/jf1vEf50yPWseUNvyd7aGOOQxc9+ufMjTF3IpPtFbNUSAky+kFAhYdwliCGsX90ajBpIDFqkHwbtFLgZm6rc3nfu++NJKatKNQcS1TZ+Xg9E2UgifImMFJBZK2cEOaFweGdeJhtE0Z8fY986wYYvx4fhaFFHKmteb6xkzZDalgMaVyfneBJcUPUaVpbXq1hhamuPh3QmXNJan3ua0eOeWQ3jAs5aOWdbv2dUPvkCbHN/H3RXyMSwe1QX627aWz6oUjHpBIUoXuSGA5U+EI5I1QeNsVNqcuV9G8cYJMs8Hdi9GZ9eAhaSFBxWpoOoZZwpKWIPx5e8mNYToynCyUQCbMM3r7oVicOFJI18VeOoejH2DSJAbg+WffpG6laMmjIzZYQoirlweoEjj44Rc+S388QxDp5k1yroI5thAuSH4d59hjnk4opxKCxZyN00B6KlO3b2RwdXH2SX9jpwPdNfUjYht1KsgqXXlKZupyIVIkdJSmG819BpfhC1ymlkf1iq/wDWA4OOl1UhlU3cSST2t7fGcb9NwZZ+RiZg0rxEkKKWQ7Bql2Zu+NxIkjdZraRjdgDfnqmbv0UgHNq5E0qNBG4lJYeGjrnsc0FdlVNwxd0kv7fvhZQmzMWz74styGZ8lxxiqkS4/QieZs4sdYkzJCVhiHt7YZQpQLGoibLnJYECtm1hKNlVKisx2yUkENQjwOWfPnFDtHA+ZQESwCoh87dWZt1xqJq1LUQU0y4hrEHrh0bNdIpYNQW8fdHNLGoqjqjk1s+Y7UQJiU1O8kkJoSFDM72XXfg0JwkgplkJ6SlVCkuGo1VE0I1FRG125skbqUUcuX+kaMeAPgRLwPk8EygFVJAfQasDaj98SsT9NJ8EPKvVbXJjJOHKUsFOq5JowYDXqzPN4tPyUf78nX/2RV3r08PWuRi2Gxukd5t1QDA1LjN+XVEL8nCW8oMQNMGr9/DxhHE4Ntm+TKppJeD7RBBBFzAIIIIAIIIIAI8vYySFY/aIo/yqeK/86Yfd3R6hjy3jpZ+csaoFgMZPfi86ZSL4+4rLgf2TKAcFiQSH1avUbxeoozEV0fs/DWKHzYEwJJqS4ydVGDjl3xeSyY3m/JXGibh51S9XDXrw914eLgPukju6+2ICVU8V4xMlzQR7a+NYxck9jdRaE+kM+Z5P7e4GI09ZBYBzfQNfx1RLWq97ZByaVADVPCEoQN8hQq9c2ITRL6W404xy5GlJR8s6MauLl4RXz1HM79WCQaUAcs4pXPqBaOJnGgCKuPpByDkB4MaeRg07r7pY5jTjlmIrdpYNlvViQwS41y1Fe2KZMUoK7NceWM3pojSJoT0gChXKhdxXK3vicJ4zByr94tEWVIzBcAWerPm2VYcw7oOqW4Uq1X6rXiIZGnTE8cWrRZYaYDUM9+yzeMxEuWWDh+NQONntR4goRUMRYXFKORUeLxOCxydsgW+OXfHdikcOSJC2rLKkcAQ9uzVqQxsafKllRnFSVpSd1nL1LOfonez0MTsSKDPk7xWfJXoAfeXsG1+MY9StftNMPt3JeIlulgABulgzM6EzEjn0WeKJUsqIqd0O7G7+4DrjViR0gAQQJyEcGCSg0/uiKPzWQo7ngS9+edYno5VsU6mNjmwJR3lLADOAK5DwfxjXyi/jx4MUmw5YCbGrnm5Lne0rb4ReSeZNGf2R2ydnNBUhU0mOyEwTxSFINILgPk6uWDYCIy5D84lEGCQtr+wM2cTdcEVfIzLlUY9sS8NPDPRg492l4FrBysKW8aQ9JSGfdDDhz959kQ1fJCdcDHyDeJUQWFvZY3h8SUtVzwyiUmaB6Q6ns7HXjDcrEJapzLNk7PzhuyU0iBiMGVVAFM2tzFhWMp5FobykxI/4P/2w+sbTEK3a/R+89tox/kmoHylxJFvkX/th4zyr22aRkm6PrUEEEc5cIIIIAIIIIAI8yYhKflu0CpqY2b1Hz0xu+PTceZppPy3aLW+WTybOwmzSwfVovDuIlwOzUhwoVINM6mhtlWLKXNQ30nYUoz8/c3XFViEqCVEHOlLBrd0N4CaQAoqBFDlQvmPGcbPdbFU6Zbsx5ZH8ImYdbDx2xBGJSA6iKnO1YWrGoHoivHlp15mOOmt2dlqWyJeInVuAXorjmewnu1hrCnpE1fN/Gp1iNLSZiwSCwFKljRx4zpErBS+kwq+Qup6Bud+PZGEpW7N4xpNGk2csAFwK+KxKVICgxDu/Bu9xWGsEjdYOQz3GbDW1Xiwlr6IAGd/YKXj0IxuO558nT2MzjsIqUoAOQS4D2etQ1+uG0oJNQxe3tv16tF9tbDhQFA/0QAxByI4GKZICWLA+MuuOHJDTJrwd0J64p+TsmaxDZMz93LPxWJvnd6zk5Ox7zmw9ucQSo3GTHTlzPEw7LUCHBA4WfUP7vwhDNpRE8Vj2/kep2iVsLDpM8bxCUpBU/WAnmQWP92IPnQFMtKmY8CDd65jvrEzBS5aFpmmZRB6JI3e76dKsIjNl9r+z5Kxxsk4OSJQD180ozF/2nSmWh/0uiXHHKKNEqozHty6+XGJs+eFgS0AiWCSX9KYo13lMaHhYQ2BUfHx4EbdInyzLOTsLRnFa8fFYuMEHGlef4xRomMUm+bB+zhnF7hQyQTTsjuOUXi1WhKAIbmqqPFo6mZS9Ysinkfd9IYAIJh8PpDMwP+HtgB1AN2iZh2ORFa3p3xEwhoTloevS0SpYCjcJ4kn3eKxJVhPkbxDktzyeGpkggnqidLDhgRTPXthU2SSPjcRKlWxRx8lLOmH0SXSamjMeu8ZjyJL+UeIq/wDE+P6WH1jV4+WQHGT+C0ZHyFW/lFiCPUz+/IivUdn7lsPcfYoIII4jqCCCCACCCCACPMU/Gol47aIUgqfFz2YgN/DTMiKx6djy9iphGP2gymHyrEWZ/wCdm5m0VlJxVovjipSpkmZtNCvor5t9+URlYhJI3d6+QhxMmrucnqDnwvXleGTKFNRqa2LUJOjZRn68vB1PBHygmJ3akly9Hch9SDSH9mI31grIYVbiTnr98NycOKnecm+et9OfA9S8NLL0BUQcnLPmw4e2Dkny7KqMlxsvoXvnmLi+QDh71MScGN1SVdZIa5JOdjfwYj4OWDU3r1DPgRD8n06OWNLd8ZLuRt+lmr2bvOSoKc1LvYsxLivWW982YpqkDK2Zu5J4++GtnK/gweefH237YfmuBVhrbNqx6kTzGNTxSnEhntTszre0UOPw+6LMDmQ1KMfGZMaZBABdi/brfMGkQsVKBrQAb2r3o728GM8mPUaY56TPy+dWAsMhl1e7WEqDmlONeri3jWH8XJ3FUzu+nHX7obTKfV7EE8L6NfvjznDTaO5SumOSioUB1YdYcB7HlHDUu5Ja/ba7ffHEgGm6dTfO/G/tFRD6A1HNeXHWlmrwhCNsSlQqShrHX8eGcLDc9DmPjCt0Vu9Msuy9so49RlTl3x6OGNI4csrYpCKh3el8/iIvZRG74ZoqJD8/Fm5PFrKSWGVmt48CNzEJvPX4wrDoBP353r2Qmbldvvfsh+UMtbM7XiSnklSQ4ahblDKpdODi3X8IlyASM3bPNhB5rixv15NFSwwlDCmvA5w6kIrkaMwoaVMcAqTU/hDo6SgWAYOewne41EWM2PyyGcipzz7DDorTLj23iMmYEgFgaNc5k3iRIUGBrr3fGKtFkNT8K4yPsMYPyVl7vlNiE6YIfvYePoqO6MBsJDeVGJH/AAI9siM8kvbReMadn1OCCCMDQIIIIAIIIIAI8vYlJOO2hp8rnX/50yPUMeYFYpKNoY9Kg4VisQLsX87MiHHUqLRnpdjgDUZ69opn2RDxU474Sl2BrqQC9TqH5WiyxikhJcpDO4cEjIsDn13ERdnykFYdgzgHWl9DUtbPsnD061XIvm6puNRFSZKklIBV0mfW4ZqaPFwMGEs7morRrd/4QnZaETFmziwJqDSw164sMYa3DHiMmceNYjqsar2ot0mR/qY2kpAo/Gzs1rM/39UzDSnYB3e1+xuEREywbFL+KvpF3s9G4q4caKFbjtcgdVoxxQrk2yzvgv5CS1XSXtoCa2Fr8elC56eichXX3crwYdSWHTD5DeFww68/AjmInpYDeSNS41NG5+zhHoROCQlClbtfuNc+MMYl2JBYnSv3iHUYlLvvpBFukNCMzxhC8QkFgpAL+lvCnEaUbuiWQipxlVUFvveO+a6JIZ+b1ILX1A7ocmzEPdOendkOXGGStN95JpqKZV+6OTJit2dUMtKhCUfc3LOHJSW8DO9fF4T5wD6Qd/0uPH3Q8haf0k5vXh7YjHj2GTJuCU5eBTwOqHBLId9evrMJTOS105h3GtzDuHId95NxVxmQH7xHZFUczJmGkAJCznxtoWzr7Ymy0gOOypbLx1xBlKSHG8kly4BBIy9sS0z0ChUmv9YXfupFipwZc+fC0SJIBLNpUZ2LdUQxiAD6SQ1Li2UT5c+WahaKkUJFOWnVEsoibLR1ZZ8H9ovCZ0wVL15ePBhuXiUiu8l+YvWtM44rFoFAscDvD40NTEIli0qsbjSzvDJJqBV/jU8o4magVK07vEg+y1YSmai5KSLPvCh5PUUi6aKUSjLoKphxCgei4NcnrmecMefQRRQb+0ntvC0z0VZUv/EHFIiy2ktJamjAbHH/APU4j9RT7ZEbqTipbg7yetQ9kYXZKwfKrEEEEfIRYvnI0jlmbI+owQQRmSEEEEAEEEJUtoARisQmWkqVYd/AcY8meU2F38XiZiSCFz5qrEjpLUogEXYln4R9y8udtqnK+SySQ4eYoXlyzR6V312Ggc0LP8x2hhEoVQbqRQBjQAMGPYIAxPzaxbeQP7q6diTyhKcA9yBzSqo1oLReYjdJJIBJzfhxiMw1T/4/CAICtlUdwRaiVVOgdMcl7LBLbyQdClTjmyYsdxukGY5kAjqow6odTiB6JYsKGjJ7qmggCtXsUhKVUIUSAw0u4IeBGyEl+mlxcbqn/di3ODUlAmMQhRuUuFOCRuqIYWNBHflTkpPSIFCWYVqLXMAVSthsz5hwd2hDkaPcG4ECdipNlpN3ZKqEZHo3+EW6ZDAF2BJoQ78QojhaF/KQSUkOq5VThS2ntgCo+YGLKdJpdORDg0By644NiJIdKt8ZbqTXlvARcykBLbqgwyZy7u+8R3Q4qZvOki91a0ZvvgCmmeToS+8rd3Xd0ks1TYGBHk+FFISSresQmnC4B7Iu5Sd1mUGFktUEZ7zV8da1KCnSU/3n9LPKo+6AKKZ5PISCVLZjV0mmWSdY7K8m94sCeBYMaPT72jQShusQsNkndYpanpN0nhMwpW6ShgG6T+l2VDQBQzvJ+WkOZo/wqvp6F45K8nN4G9ASRu1AGdA0aFJIJO+C7MN0DdzqWrVuyGFgKoUtulwXZz1acdYAoJuxEpbpOSWACantDd8Op8nQQTvUF+iqj2dkxeMz9MF8gkBhQsaVr7IjqmIWpmYobO752za0AUa9jpCgl3JD+ifeHh383xu728GdvRVfT0Yu2UlNVUV/VCRyt0ufGIpWhSiWYpNnGfVUc4AphspLlL1H9U21taFzNigB94HklXvTF1uKCQHJevogAnkBWgvEYqSVEihFGLdrM19awBUo2Wk/SAIuClTh9WTHZ2yN1s3syTbWo++LdXojpBQd/RAAUQHFtAObRHKkkkhhwLdwZvfAFcNmJP006HoroePRgGySf0Wa5Ydxr3RZp6QAdJZ/0Re7OO7nHEyXG9Rtei3Y1IArVbIUP0e4+yN9+RNsPtAqWW3pK0AMzupBJGrbocaF4z2BSkFzu514EMzAW+MaLY2AdXRJQtJCkKALoULFswxIY0IJGcAeiQY7GU8ivKHz0vcWNyYg7qkO+4rQHNJFUnQteg1QMAdggggBJMUW2se/8Gk/2j7otca5QoJVuKIICmfdLULZtGHxWCxSLz5Z/s4dR/8A2gDuKAqWDxjdsIqYv5ipljPA/wC1X9rFbiMElXpYn/6y/tIAxuKQdTFctBBcE1jbr2HIN8Wf2dX2kNHyawx/pivqD9pAGJJVqrtMcS4Lua3OsbX81cL64r6g/aR3808J64r6g/aQBjErVqe0wtBN3Lm515xsh5KYT11f1B+0hQ8lcJ66r6g/aQBkUrOp7THJK6k1qdTlT2vGxHkrhPXVfUH7SBPkng/XVfUH7SAMoJ3E9p+MKE7ie0/GNWPJXB+uq/Zz9pCh5K4P11X7OftYAygnnU9phQnnU9pjVfmtg/XT+zq+1gHkvg/XT+zq+1gDLefOp7THfPnU9pjWfmxgfXF/Un/XB+bGB9cX9Sf9cAZIzzqe0wkzzqe0xrleTGCyxivqD9pCPzWwfrp/Z1fawBkzOOp7TDfnKvVzxNY1/wCa2D9dP7Or7WOHyVwfrqv2c/awBkTO4ntPxhjf6RY3HsvXrEbQ+SuD9dV+zn7SE/mpg/XVfs5+0gDGmYr9I9phkqLkuXNzn1xuD5KYT11X1B+0hB8k8J66r6g/aQBh1TFfpK7TDSyTcktxjdnySwnrq/qD9pCD5JYT1xf1B+0gDEBSv0ldph6VvGm8psw5brjY/mnhfXF/UH7SFJ8mcMP6Wr6hX2kAUGBlHj48eHjYbBTESXsOQLYs/s6vtIsMJhgn0cT24Zf2kAaXDUtTlGr2TjvOJY+kL8RrGAkmcfRng/8AaL+1i72RgMVvpWZ8sJBBIEjdURmHM0s9rQBtRBCEqjkAcXKeIk3ZyTcmCCAGFbGRxhPzHL4xyCAD5il8YPmKXxgggA+YpfGD5il8YIIAPmKXxg+YpfGCCAD5il8YPmKXxgggA+YpfGD5il8YIIAPmKXxg+YpfGCCAD5il8YPmKXxgggA+YpfGD5il8YIIAPmKXxg+YpfGCCAD5il8YPmKXxgggA+YpfGD5il8YIIAPmKXxg+YpfGCCAD5il8YPmKXxgggA+YpfGOjYcvjBBAC07HQMzEmTgQLEwQQBKSiCCCAP/Z', 11200.00, 1, 1, 1, '2024-11-15 09:39:10', '2024-11-17 22:02:08'),
	(85, 'Mouse Razer DeathAdder', 'Mouse óptico ergonómico para gaming', 'Razer', 'DeathAdder V2', '/9j/4AAQSkZJRgABAQAAAQABAAD/2wCEAAkGBxISEhMSEhIVFhUVFxkWFRUWFhUVGBcYFxUXGBYVFRgYHSggGBolHRUWITEhJSktLi4uFx8zODMtNygtLisBCgoKDg0OGBAQGCsdHyYrLS4vLjMrLS0rLS0tLS0tLy0tKystLTctLS0tLS4tLS0tKy0uLTcrKy0uKysvLS0tLf/AABEIAOEA4QMBIgACEQEDEQH/xAAcAAABBQEBAQAAAAAAAAAAAAAAAwQFBgcIAgH/xABIEAACAQICAw0EBggGAQUAAAABAgADEQQhBRIxBgcTIjJBUWFxcoGRsTNzobIIIzRigsEUJEJDUpKiwhVTY7PR8OFEg7TD8f/EABsBAQACAwEBAAAAAAAAAAAAAAABBQIDBgQH/8QAMxEBAAEDAQUGBAUFAQAAAAAAAAECAxExBAUhgcESMlFxkbEzQUJhIqHR4fATQ3KC8RT/2gAMAwEAAhEDEQA/ANxhCEAhCEAhCEAhCEAhCEAhCEAhCEAhCEAhCEAhCECL3UaSOGweJxA20qNR1HSyoSo87Tl3D7osdigeFx+IyOw1qgBv1AzpbfBoGpozHKuZOHqkDpshNvhOQqJPNA2neWxRpY9qZqs3DUmuCxa5SzK2Z2ga3nN0nOn0f8A9TST1je1Gix/FUIVR5a/lOi4BCEIBCEIBCEIBCEIBCEIBCEIBCEIBCEIBCEIBCEIBCEyvft3a4zRzYVcK6qKoql7qGvqGnax5uUdkidETOI4cWpswAuTYdJkTjN0uEp8qspPQnHP9N7eM5pffLxVQ3rqtT8VT+4mLUd8Bf2sOR3XB9VE8N69tUdy1HrHtwVl/aNuj4dmPWJ/Lg3mpu+oA2FKoR08UfC8Wo7usKdoqL2qD8pMwylu7wx2pVX8KkfBo7p7sMGf3pHaj/kDPBO07fTPGjPL9FbO17zpnjRn/AFz7NxbdPgqqshrCzAqQyuMiLHaLTlTD4Xg9YNYlWZctnFJBI8po9PT+FbZiKfiwX1lf/wAAWo7vw1MhmZgEYNymJtfx6J6Nn3hVOf68dnlL1bLvWue1/wCmOxjThP7tN+j/AINRh8VWy1qlVaf4aaBh8arTVpz3onA8AuqtyCb5nn8OwSao6QrLyatRex2HoZhVvimKpiKcx45YVb+oiqYijMeOemG1QmRUd0eLXZXfxOt8148pbs8Yu11bvIv9oEzp3xZnWJj0/VnTv6xOtNUen6tRhM5p7vsQOVTpEdjKfmPpHdDfEuQpw+0gXV+k9az0Uby2er545S9NG+Nlq+qY5SvcIQnuWYhCeK1VUUs7BVUEszEAADaSTsED3CZduq35cNRJp4NP0hxlwhOpRB6jyqngADzNMr09u60jjLitiXCH91S+qS3QQubDvFpOB0RpndjgMKStbE0w4201PCVP5Euw8RKfpPffpC4w+Gep96owpDtAUMT2G0xHAoNgFuyS2plGB0JoLdVRrYWjiKz0qLVE1ijVFy4zLcXsbXUxUbsdHX1f0/C62yxr0gb9Fi0wfc+31OIH+ov+zSlP3UD6yMIbxpvfSfC46vhmwqvTpOFDLUKvY00YmxUgm7HK4lg0Lvh4DEWHC8C5/ZrAJ4B7lD2XvOf6rXZScyaOHuTz/qtGLqMowl1IpvmNhn2cz6L3U4zBH9Xrsqj923Hpnq1Ds7VseuX7QG/XRayY2g1M7DVpXqJ2snLXsGtGBrUIy0Tpehik4TD1kqp0owNj0MNqnqOceyATCfpMcvAd2v60pu0wn6THLwHdr+tKBQtx25SnXpnEYgtwdyqqjKhNhcsWYEAZEAZAlW4wIAdrux3LnBsSAyqGVWpubvTLoWQM2qoa4V+TySrKb6t2nNwenKYofo7FuESorIqZO6q/ChaRvlUDhs9tylstYhluw0riagxFXGm1fFPT1KJNzRo0tc8n92LsoUHM3cnbchSoQhAIQhAWpYqovJdl7GI9I7o6exS7MRV8XLDyN54w2jmcKwIKk2a21c87357ZyQOikDqbaysCLAm17XGzO1r+ImiubWcVRE8nku12M4qiJ5Cluvxi/vb9qIfymiYLEs9OmzHNkVjbLMqCZk2kHBcgIFC8WwAGznNtpmqaOH1NL3afIJVbytW6aKZppiM/ZS73s2qKKKqKIpmfCI6HMWwQ+sp95fmERi+jx9bT76/MJU0d6FJR3obtCEJ2T6AaaV0jTw9JqtU2VRzZknmVRzkznPfA3ZYnHuVclKAPEoKeLlsap/G3PnkOYc51rfQrMGwqnkPwoPfsmpn/ADC3XMR3QYbVcyYQgZ9EDASRI6PGcmSuUitGrnJersgN9GaXo0UrrVqBSziy2JJ+qp52ANhlzytadxaVWvTN/Ag+R2+EcNgDVNWoOZwlsuZBs8ozTR2sdXYbHmPMCfygWBjmnucP/wDFox1TEYJVDahH+VRHitCmp+WPqRgNcaJDvtkzjpDvAdaG0pXwtUVsPVanUHOp2j+FhsZeogidIb3u63/EKF6ihK6AcIq31SDfVqJfYDY5Z268ieaMKmswHSZuu8xg/tVa/FBp0VHWql2PXlUp9lj0yJS02YT9Jjl4Du1/WlN2mE/SY5eA7tf1pSBnOF3XMtNabUkdVREswQjiAAG2pfm6efnn3GaewlSm6/olNXYEKUpqgUlSAcjfIm/hKvCAQhFqGFd+QjN3VJ9ICMJ64M3Isbi9xbZbbfonmAth8QyX1W1b5E7fHtlja6KvBrrZW2gZCxyJBuSNuwGwI5pVo6wGJ4Msc81Ki3Scx8QJpu2+1xj/AK81+z2+MeniSxVbXYta1/yFvymtYH2VPuL8omQTYMJ7NO4vyiVu9uFFEKnfkRFFuI+/QtHOjPbUveJ8wjaOtFe3o+8T5hKWjvR5uft96PNucIQnZO/UjfcwBqYJaq8rD1kqXHMDemT4cIG/BMh3RqKiLVAtrqDbouMx2jMeE6N0jhFrUqlFuTURkbnyZSD6znanTJpVKLizUyGt0a99cA8/1i1D+ISYFLqrYzygjrGU7ExFFzkoSejRJDENlGOCyimJqwHe45A1HF+9Y/tbLL/D28+XwkPQIGIGWV2HmpHRFNzukRSGJU87Ei4J222W2HLb1yIqYnjluu+y0B1ol/q1/wC7DaTFFpCaOyRR1X88/wA5K0XgGM2SIeSuKOUiqm2A80Qt6g6p0JvQUraNV/8ANq1n8BVamv8ATTWc+aKNtduhTOj965LaKwfuyfN2P5yJStMwn6THLwHdr+tKbtMI+kxy8B3a3rSkDE4RbDYWpUNqaM5HMqlj8J4q02UlWBUjaCCCO0GRmM4R2ozjPFdcRuVTChNcio5UMW2rmL2Uc46zt6pI6Jp5GLrU4fAYWrtKrwTHrTIfCw8J8wPFpsZux4NGZmOKC0Bq/ph1SDemb26dZbiWLdjuToPRFdFFOpzlRYN3l2X6xn2xq9GhTag9IDWYUlYj71BnfzamJatMVA2DmURExJMzExhieLwb0jZxt2HmPYY3lw3XOFwuHS2bu9QnnsoCgfEynzTMYlvpnMCbDhuQndX0Ex6bFh+QvdHoJTb37tHNQ797tvn0KR3oj29H3qfOI0jzQg/WKHvafziU1vvx5qC136fOG4whCdi74TBd1NBaWkK4WxU13Rs72/SQtVdnRVKrbm1z0zepgW7TAFMfpCkuRqEVqfRwhVamt1WfVkwKjpXD2YyORJZNKgVAtReS6q47GAP5yEdLSUPVI2ERxFWDNGtRoCmG0GayVaoqBSrhdUrcHiKb3By29EhMVRKkgkeEtmiKtqFbvj/aSVbHtdjAlQLBB/p0z501P5xzSeNKh5Hu6X+ykVpNAc1jlI6ptj5zlGTjOA5whsjdZA8uMfgpnSW9eb6KwXureTMJzdRGQHUzeVlHzNOid6KrraJwh6BUX+WvUX8pEpXGYR9Jj2mA7tb1pTd5g/0mPaYDu1vWlIFJ0KGTD0zSNmYi+ra/HZ1Z88iQAoF+hrbYhulpGrR4VyDUUnPn1Q4Sx7ddGtzcbZeRGjNLhE4KoLqDdSAGIvtUgkZZ3BBBB6bkT1pbS6unB0wbE3ZiNXIclFGscuckkkkDZaeCLNcXc/fX7KeNmuRtHax9Wc/bwz0XvcDR4TAMh+8y9QDW9S3lGekqmoNWPd6aveg6feqZ5bODBt07TfxkTpupxyOgy1+mFhj8UoajT4OsBrEgIrC/MSAPgGMuhxZbDaspXDA6g1Drca725Qyst+e3RLRos66BZEJqVbdq3GoL/DSH9RLfnK3LRu/TVrgdAK/ysRKvMKtW2jQTY6PJXsHpMdE2OnsHYPSUu99KOfRRb90t8+j1H2gvtOH99T+dZGDW1/u26tvrJPQH2rD++p/Osp7cfjp84UNuMXKfOG3whCdg70TJt9KkFxlKoBnxQT0Cor7fHCr5zWZl2/CLVKVsi1LXJ6qGJoaw/lrv5xAz8U/qin+W7r2DWLoPBHWQeJFpYm5VUdIpv4lTT/8ApErukDmZkhH1Wjcme6rROBJ6EQVOEpszKDruStr8WklgCwIAuejmldxqAMQCTt226+gCPsNjWpM7KAb3WxyHGRf+JF1ahYkm3PszhKVLX1e4nwpqIpTaN1OS91flEUUwg7vEiuc+qYrSW5gKU15fUqjzLE+om87yNW+iqY/hq1l86rN/dMKt7XvAeVNP/M2XeCr3wNdP4MS3k1KkfW8iUtNmD/SX9pgO5W+anN4mD/SW9rge5W+anIGa6K3P1KlJaiIHZtYhSyrxVIFwXyJzOW3it0Zoad0OaIBKMhy1kJVtW46VNiDzEdeWUltzenWWilNX1XpFyFLai1UdeSWsdUq3GF8jrEG1hdnuj0u9VWFQjWZ7gDU4qC5UFlUa/KYa1ujrmNFesVRx4/t+SYtT3s/zwx/PRaN6Vsqi95vPVH9hkVpVvrH7TJbepp6tOtUPRYdVrj+5vKQumT9a3bN/0w8/1SjrnWAHIAvnblG1/CWzcrm6jrlWG2WXcq1qinriNU1aIXfHT64HrYf1GU+XjfJTjhvvt6mUeYV6s7fdh9E2Ndg7JjgmyCUm99KOfRRb90t8+hPU4179g8JK7nh+tYf31P5xIgBNc/xWueobB6esmdzI/W8P71PmEqrfxKfOFJbjNyiPvDa4QhOud2Jl+/dhmYYVlqah1MWlgM3vQFQLc5Bb0Rfn2WttGoTOd+L/ANB11qo88NUEDOqz8ZfvU2P8rpb/AHDK1pQ5mT9Nr06DdKH4qh2+Er2lTnMkIpzPgnlzPqmAtoykrVKgZQw1HOeeYVLGRNdQCbC230Mf0nZdZlJBuRcWORRQRY5Ri42km+2EninJe6vyiKKYimxe6voIophBdDH2DGcjkMlMBtgKVRy+8fQD8ppn0fMR9vpdBo1B+IVFb5Fma19rd4/lLrvE4nV0hXp/5mHLeNOolvhUMJbvMG+kt7XA9yr81ObzMH+kr7XA9yr81OYjFYT7PkDT9xTBMF1t/wB/5kFpVCzGwvHe57F/qYA5rjyMjcRVOtcHObPlDRMTxw8Lhyt9Y2sO299lpM6EqWN5HvXBTi5DIEHsOfZlF9HtaRTlhbmqYntFN8JgUB6x8QDKFLbu0xQKU1/7kP8A8lSkV6t9Gj6JsgmNibIJSb30o59FFv7+3z6EhVu5W2wbc+e2Wyw85Nblh+t4f3i+si5K7lftmH94sqbPxKfOFJY43aPOPdtEIQnXu7Ey7fqxIWro0E7Xrt/LRAv/AF/GajMS+kHVbh8Eo2rSrkdrGmo9BArNPKlQGdwl/JEBPXyh5yv6W2yw1bXAH7KWH426f/aHwle0ptMyQhmMAYPPIMD64uNpHYSL9F+mJGgOvzMUvPhMD0TeAnkT6ICyGSujzIlJJ4E5wHdblP2j5FP5ye3qcTwel8N/qCrTPjSZ/WmJBVBxm67H+kD+2L7lsRwWkcC/RiKS+DuKZPk5gdRzBvpKe2wPu6vzJN5mC/ST9vgvd1PmSYpYzPk+wgSehcfqXpk5NmO3/wAx87yuxzRxzDI8Yde3zmUSxmlNIwjmlVtIP/Eh/CfOIYnHM4tsHQOftMnMMezL1pXGcI9+YZD/AJjKEJg2PVPaO0TZJjlDlL2j1mxym3vpRz6Oe39/b59BJbcn9sw/vBImS+5AfrmH7/5GVNj4tPnHupNn+LR5x7tmhCE693gmK795FTH4NB+6pGow5yHqcXyNHZ1zapz/AL5mM19KYm37sUqS9FxTVgOo61UyYEQz5E9J+Aso89W/4pA6RMmKzWFhsAsPKQmNaShFVYleK1YjeB6vPk+XheB6BnoTxeegYCyGP8I0j0jzDmBKNtv0qB5Fr+ojda2pWov/AAVKb/yurflFA3J8R52P9pjDSnJbsPoYHX0wX6Sft8F7up86zd6TXUHpA9Jg/wBJL7RgvdVPnWYpZ/S0UrIpJK2pqWZ1Qg61JnGoSUAtYg3POufNGVXRBK031kph0dwCrjKnmb6oOZUgjyhh9JOlNTweSDVDq7owuTcgg5X2E2tlPo0nSNweGUEEEKwfaupYF/u8XsHZZGCOx8oNKmiKwJGpe2sciNiKrMRfqde0mwiLaOrcX6tzrLriwLXWwN8upl/mHTJynpZNYEVztJ+tpa1hdGsADYAmkmzZn2zxVx1NFQ8VwuqtkqWYlRRs1ipsLYdbjPN9vNMowxqmqNIV1lItcEX2dfZPksuE0/TDqzB7cGqMouALPRLftkFSKbXUBbjI3vcRuAxdM1ENVUVVR72QG7cG2oStwGOsFyuBfomM8CmZmOMYRcJa1wuCqqCi8Ylm4MMQ7faClMjWYDW4OkoVRca4zN7yA0th1p1WRbgC2RNypKglCelSSvhIiWRvhuWveHrNiMx7C8tO8PUTYTKbe/0c+jnd/a2+fQSZ3HfbcP3v7TIaTW4v7bQ7x+RpV7P8Wjzj3U2zfGo/yj3bHCEJ1zuxOYtO4o1cbinJ5WJrEd1ajhL9OWrnOm6jWBPQL+U5LwdcsVY7Susei7ElrSYEliHykPiWkjiWykViDJQZVYgY5DgMCVDAEEqbgEdBIzj9tGUqilqLNnfVuy2U3GTcW4yJJJNhYm7C5GM1RGrVcuxRMdr1+SOpYJmUNdFBzXWcKSL2uL7BfK5sL5XnrCYXWqFHuurra98iNXIjPYb5XOzM80suDxVNGemNoQMAdYDgwCLNsCngVp5taxqP0kFocIjtTenUN0CK1TULcJemAE5kapzFDYsrgWZgdbX/AFJ454NEX65zmMeHA1qNToC6BTUBA4xSoQ3GubEAjVsBYquZ/aAkUsnNOYADWy4yLcNYjWCmmCMzmtqi6pJJBVlJawIgRMreJjLPZcTT2o4zOpZI5pGNVi9MzY9KQV8gegj48X+6N8apYFRtOQ7TkPjPofinqF/LP8pI6AwprY3CUgL6+IpAj7vCKXPgoJgdVItgB0CYL9JH7Tg/dP8AOJvkgd0u47A6QKnF0BUKAhW1nQqCbmxRhMUuUcPpIKgUrciw5swD07QOrpkq26LDvbhMNsIvlRfIDuKfMza8dvH6LfkHEUupKgYePCKx+MgcbvA0z7HHuvVUoq/xVl9JEREMaaIpzj5sh0dwPH5PLuDUCX1Li2RyvtuF8I5o6PwToDw2q+qtwagGZ25Mm3blrEdcu2N3iMevsq+GqDrNSmfLVI+MgMbvSaYp3/VNcdKVaTX8Cwb4SIpxMyxpo7NUznVGruT1z9VVuCbclW7PZsb+A2SCw+C1hfWseYW27c9vUfKSOM3I6QpX4TA4lbc/A1CP5gLSMWtUp3XNekEZg+OzZJqzjgmuKpj8OpwNB4gqrinrK1rFWRr3tYWBvfMZRrisFUp+0puneUr6x5T09iAFXXDKoAAZUbJeSLkXsInj9K1KqqjBVVTcBBqC/dHFyz5ucyWZrgx9YneX1E2AzIcB7Wn31+YTXjKTe+tHPo53futvn0Em9xP26h2t8jRlo3Q9fEH6qkzD+LYvixyl63L7inoVUr1ag1luQiC4zBGbHt6J4tk2e5XcpqinhExxV2w7LeuXaaqaZxExOflqusIQnUOzJYpbo4HOpHmDOR8AeT3F+Uec69nKGlsJwGKr0bW4Oo6c+xKjKDbrAB8b88mB5xDSMrmPqxykdXMlBtUMKOKenfUYi9r7LG2y4OVxzHmnx4iYRMRMYlZNzVM8std3JdiwLkhGtq9OsajK5Y8nUQkG9ovpLEVUdlUI2uutUNSqyazEWa6moiuLADWCAEZWylYpYp1GqCCpN9VlVxe1rgMCAbc8k9D6RfXC6zXI+rC2ChhnYUxZSTa1zsJHhpromM1PHctVxM18Jj+exvjcXVN6bgLawKqqrewuuY2rncZ6udxGoi2kqgNV7WsDqrbZqqNUC/PkNvPtiAm2nR6rfdjhgopiyGILFVMlmdKcj2H0l73mNG8NpNKhHFw9N6hP3mHBoP63P4Zn+tkZ0BvIaB4DBNiWHHxTBh1UkuKQ7Dd27HEiRo0IQkJEIQgEIQgERxGEp1BapTRx0Mob1EWhArmM3BaLq8rAYbPnWmtM+aWMgMbvM6Ie+rRqU786VX+AcsJoUIGQ1t4bChlaji6ylWDDhFSoMje3F1Je9F7i8LRzZeFbpqZjwXZ53ljhNdVqiuYmqM4aq7FuuqKq6YmY0fFUAWAsBsAn2EJsbRCEIBOf9+zRJoaQFcDiYlNa/wB9AquPLUP4zOgJWd8LcuNI4N6IsKq/WUGPNUUGwJ5lYEqeo9UDmp3uIyrGLVUdGZKilXQlWVsirA2II6QRG9UzJBu8SMWeJNA8z1Tcg3BII2EEgjsInmAgep7E8T0IHtTFAYkI5wWFqVXSlSQvUchURcyxPMP+eaBO7iNzj6RxlPDrfU5dZh+xSXlG/STZR1kHYDOqaFFUVUQBVUBVUbAALADqtKrvcbjU0ZhtU2avUs1eoOcjYi8+otyB03J55bZikQhCAQhCAQhCAQhCAQhCAQhCAQhCAQhCAQhCBnG+fvbDHXxOF1UxQHGByWuALAMf2XAAAbnGRysV59xuHqUqjUqqMlRDZ0YWZT0ETsmQG6rcfg9Ipq4mldgLJVXi1E7rc46jcdUnI5NJibTU90m8rjKRLYR1xCcykilVHVxuI3bcdkz3SugMXhiRiMNWpW53psF8HtqnwMlCMMBPmsOkecNYdI8xA+z0JKaJ3NY3FEfo+FrVL/tKjani54o8TNG3MbyGIqWbHVRRXnp0itSqeotmiHs14yM10Noqvi6y0MPTNSo2xRzDnZiclUc5OU6M3tt7yno1OEqFamKcWeoOSgO2nSvnbpbaeoZSybndzmFwNPgsLSWmv7R2s56XY5se2SsjKRCEJAIQhAIQhAIQhAIQhAIQhAIQhAIQhAIQhAIQhAIQhAJ5fYeyEIGQ7t/aD/vNF9wvL8YQgawJ9hCAQhCAQhCAQhCAQhCAQhCAQhCAQhCAQhCAQhCAQhCB/9k=', 360.00, 1, 6, 1, '2024-11-15 09:42:35', '2024-11-17 22:02:10');

-- Dumping structure for table tiendaweb.promociones
CREATE TABLE IF NOT EXISTS `promociones` (
  `id_promocion` int(11) NOT NULL AUTO_INCREMENT,
  `nombre_promocion` varchar(100) NOT NULL,
  `descripcion` text DEFAULT NULL,
  `fecha_inicio` date DEFAULT NULL,
  `fecha_fin` date DEFAULT NULL,
  `descuento` decimal(5,2) DEFAULT NULL,
  `id_usuario` int(11) DEFAULT NULL,
  PRIMARY KEY (`id_promocion`),
  KEY `id_usuario` (`id_usuario`),
  CONSTRAINT `promociones_ibfk_1` FOREIGN KEY (`id_usuario`) REFERENCES `usuarios` (`id_usuario`)
) ENGINE=InnoDB AUTO_INCREMENT=3 DEFAULT CHARSET=utf8mb4 COLLATE=utf8mb4_general_ci;

-- Dumping data for table tiendaweb.promociones: ~2 rows (approximately)
INSERT INTO `promociones` (`id_promocion`, `nombre_promocion`, `descripcion`, `fecha_inicio`, `fecha_fin`, `descuento`, `id_usuario`) VALUES
	(1, 'Descuento de Verano', 'Descuento del 10% en todos los productos', '2024-06-01', '2024-06-30', 10.00, 1),
	(2, 'Black Friday', 'Descuentos especiales de hasta 50%', '2024-11-25', '2024-11-30', 50.00, 2);

-- Dumping structure for table tiendaweb.reportes
CREATE TABLE IF NOT EXISTS `reportes` (
  `id` int(11) NOT NULL AUTO_INCREMENT,
  `tipo_reporte` enum('top_productos','bajo_inventario','ventas_mes','clientes_frecuentes') NOT NULL,
  `parametros` longtext CHARACTER SET utf8mb4 COLLATE utf8mb4_bin DEFAULT NULL CHECK (json_valid(`parametros`)),
  `resultado` longtext CHARACTER SET utf8mb4 COLLATE utf8mb4_bin NOT NULL CHECK (json_valid(`resultado`)),
  `fecha_generado` timestamp NOT NULL DEFAULT current_timestamp(),
  `id_usuario` int(11) DEFAULT NULL,
  PRIMARY KEY (`id`),
  KEY `id_usuario` (`id_usuario`),
  CONSTRAINT `reportes_ibfk_1` FOREIGN KEY (`id_usuario`) REFERENCES `usuarios` (`id_usuario`)
) ENGINE=InnoDB DEFAULT CHARSET=utf8mb4 COLLATE=utf8mb4_general_ci;

-- Dumping data for table tiendaweb.reportes: ~0 rows (approximately)

-- Dumping structure for table tiendaweb.roles
CREATE TABLE IF NOT EXISTS `roles` (
  `id_rol` int(11) NOT NULL AUTO_INCREMENT,
  `nombre_rol` varchar(100) NOT NULL,
  PRIMARY KEY (`id_rol`)
) ENGINE=InnoDB AUTO_INCREMENT=4 DEFAULT CHARSET=utf8mb4 COLLATE=utf8mb4_general_ci;

-- Dumping data for table tiendaweb.roles: ~3 rows (approximately)
INSERT INTO `roles` (`id_rol`, `nombre_rol`) VALUES
	(1, 'Administrador'),
	(2, 'Gerente'),
	(3, 'Cliente');

-- Dumping structure for table tiendaweb.tiendas
CREATE TABLE IF NOT EXISTS `tiendas` (
  `id_tienda` int(11) NOT NULL AUTO_INCREMENT,
  `nombre_tienda` varchar(100) NOT NULL,
  `direccion` varchar(255) DEFAULT NULL,
  `ciudad` varchar(100) DEFAULT NULL,
  `departamento` varchar(100) DEFAULT NULL,
  `lat` decimal(10,8) NOT NULL,
  `lng` decimal(11,8) NOT NULL,
  PRIMARY KEY (`id_tienda`)
) ENGINE=InnoDB AUTO_INCREMENT=7 DEFAULT CHARSET=utf8mb4 COLLATE=utf8mb4_general_ci;

-- Dumping data for table tiendaweb.tiendas: ~6 rows (approximately)
INSERT INTO `tiendas` (`id_tienda`, `nombre_tienda`, `direccion`, `ciudad`, `departamento`, `lat`, `lng`) VALUES
	(1, 'Pradera Chimaltenango', 'Centro Comercial Pradera Chimaltenango', 'Chimaltenango', 'Chimaltenango', 14.66100000, -90.51330000),
	(2, 'Pradera Escuintla', 'Centro Comercial Pradera Escuintla', 'Escuintla', 'Escuintla', 14.63820000, -90.50690000),
	(3, 'Las Américas', 'Centro Comercial Las Américas', 'Mazatenango', 'Suchitepéquez', 14.53100000, -90.50100000),
	(4, 'La Trinidad', 'Centro Comercial La Trinidad', 'Coatepeque', 'Quetzaltenango', 14.70000000, -91.50300000),
	(5, 'Pradera Xela', 'Centro Comercial Pradera Xela', 'Quetzaltenango', 'Quetzaltenango', 14.83680000, -91.51880000),
	(6, 'Centro Comercial Miraflores', 'Centro Comercial Miraflores', 'Guatemala', 'Guatemala', 14.60840000, -90.51680000);

-- Dumping structure for table tiendaweb.traslados
CREATE TABLE IF NOT EXISTS `traslados` (
  `id_traslado` int(11) NOT NULL AUTO_INCREMENT,
  `id_inventario` int(11) DEFAULT NULL,
  `id_tienda` int(11) DEFAULT NULL,
  `id_destino` int(11) DEFAULT NULL,
  `cantidad` int(11) DEFAULT NULL,
  `estado` varchar(120) DEFAULT NULL,
  `fecha_traslado` date DEFAULT NULL,
  `fecha_recibido` date DEFAULT NULL,
  PRIMARY KEY (`id_traslado`),
  KEY `id_producto` (`id_inventario`) USING BTREE,
  KEY `fk_tienda_origen` (`id_tienda`),
  KEY `fk_tienda_destino` (`id_destino`),
  CONSTRAINT `fk_inventario` FOREIGN KEY (`id_inventario`) REFERENCES `inventario` (`id_inventario`) ON UPDATE CASCADE,
  CONSTRAINT `fk_tienda_destino` FOREIGN KEY (`id_destino`) REFERENCES `tiendas` (`id_tienda`) ON UPDATE CASCADE,
  CONSTRAINT `fk_tienda_origen` FOREIGN KEY (`id_tienda`) REFERENCES `tiendas` (`id_tienda`) ON UPDATE CASCADE,
  CONSTRAINT `traslados_ibfk_1` FOREIGN KEY (`id_inventario`) REFERENCES `inventario` (`id_inventario`)
) ENGINE=InnoDB AUTO_INCREMENT=14 DEFAULT CHARSET=utf8mb4 COLLATE=utf8mb4_general_ci;

-- Dumping data for table tiendaweb.traslados: ~4 rows (approximately)
INSERT INTO `traslados` (`id_traslado`, `id_inventario`, `id_tienda`, `id_destino`, `cantidad`, `estado`, `fecha_traslado`, `fecha_recibido`) VALUES
	(10, 45, 4, 2, 1, 'Entregado', '2024-11-15', '2024-11-16'),
	(11, 39, 3, 4, 10, 'Entregado', '2024-11-16', '2024-11-16'),
	(12, 45, 4, 2, 5, 'Entregado', '2024-11-16', '2024-11-16'),
	(13, 37, 1, 5, 1, 'Entregado', '2024-11-17', '2024-11-21');

-- Dumping structure for table tiendaweb.usuarios
CREATE TABLE IF NOT EXISTS `usuarios` (
  `id_usuario` int(11) NOT NULL AUTO_INCREMENT,
  `nombre` varchar(100) NOT NULL,
  `apellido` varchar(100) NOT NULL,
  `numero_telefono` varchar(15) NOT NULL,
  `nombre_usuario` varchar(100) NOT NULL,
  `correo` varchar(100) NOT NULL,
  `contraseña` varchar(100) NOT NULL,
  `direccion` varchar(255) NOT NULL,
  `imagen` longtext DEFAULT NULL,
  `id_rol` int(11) DEFAULT NULL,
  `estado` tinyint(4) DEFAULT NULL,
  `created_at` timestamp NULL DEFAULT current_timestamp(),
  `updated_at` timestamp NULL DEFAULT current_timestamp() ON UPDATE current_timestamp(),
  PRIMARY KEY (`id_usuario`),
  UNIQUE KEY `correo` (`correo`),
  KEY `id_rol` (`id_rol`),
  CONSTRAINT `usuarios_ibfk_1` FOREIGN KEY (`id_rol`) REFERENCES `roles` (`id_rol`)
) ENGINE=InnoDB AUTO_INCREMENT=10 DEFAULT CHARSET=utf8mb4 COLLATE=utf8mb4_general_ci;

-- Dumping data for table tiendaweb.usuarios: ~8 rows (approximately)
INSERT INTO `usuarios` (`id_usuario`, `nombre`, `apellido`, `numero_telefono`, `nombre_usuario`, `correo`, `contraseña`, `direccion`, `imagen`, `id_rol`, `estado`, `created_at`, `updated_at`) VALUES
	(1, 'Jose', 'Lopez', '41439985', 'admin', 'jose@gmail.com', 'password1', 'San Pedro', '/9j/4AAQSkZJRgABAQAAAQABAAD/2wCEAAkGBwgHBgkIBwgKCgkLDRYPDQwMDRsUFRAWIB0iIiAdHx8kKDQsJCYxJx8fLT0tMTU3Ojo6Iys/RD84QzQ5OjcBCgoKDQwNGg8PGjclHyU3Nzc3Nzc3Nzc3Nzc3Nzc3Nzc3Nzc3Nzc3Nzc3Nzc3Nzc3Nzc3Nzc3Nzc3Nzc3Nzc3N//AABEIAJQAlAMBIgACEQEDEQH/xAAcAAACAgMBAQAAAAAAAAAAAAAABgUHAQMEAgj/xABEEAACAQMCBAMFBAYHBwUAAAABAgMABBEFIQYSMUETUWEiMnGBkQcUobEjQlJiwdEVJIKy4fDxJTNDcsLS01NUc5Ki/8QAGQEAAgMBAAAAAAAAAAAAAAAAAAMBAgQF/8QAIhEAAgMAAgIDAQEBAAAAAAAAAAECAxESIQQxIjJBURMF/9oADAMBAAIRAxEAPwC8aKKKACiiigAooooAKKKKAME0mcdcSPp4TTdPIN9OuWP/AKSdyanuJdZh0LSLjULjdYl9le7N+qB86pLS5Lm91O41G9cvczkvIT0GTso9BT6a+T0VbPihm0uf+j7/AE6RCT/WAJHPVuYEHPzxVswnmRT5iqdjUzywqP1Zo3PwDAn8quRBgY8qL0lIip6j1RRRSBwUUVgmgDNFeebFeqACiiigAooooAKKKKACiiigAryxrJpb4717+gOH7i5ix96k/Q26nu7dD8uvyoS14Q3i0rr7S9eOr60bCB82Wnvg4Ozzd/8A6/nUXZAW9ugc4Y7n+VRdjDzzqrMW5cu7Hq3ck+pNdEk4nkYKwypwQD0rq1wUYpGGcm3oy6UfEmcelXGtU5oC80zH/lH44q4xtWLyfuaKPqeqKxnao7XNYstEsJL3UZhHCmw7lj2UDuT5VnHkg7AUlcSfaBp+nM9rpw+/Xa5VuRv0UZ32Zh1PoPnikfibjXVNfLwwF7DTz0hjbEsg8nYHp+6PmT0qHtbXYcwCoOgAxgVqr8ZvuRnsuzqJYHCHEd/rOpwxXrEzNKW5kJVBGEbKhc9AeXfc1Yy9KrP7NbVX1aab/wBvblcY29th/wBhqzAKTakptIbXrj2ZooopZcKKKKACiiigAooooA8v0qkftH1waxxGbeJj9204GNfJpT7x+QwPrVqcYauNE4fvL/PtxpiMebnYfiaoK3R35UY8zscux7knc1q8avXyZnvliw2XVx9w0ySbP6WTZB5ntXBw7/xhnPtDfzO+9aeIp/Fu1gT3IBgj94/4Y+tdHDK58T/5Qv4A/wAa07sxLXwLI4dhLeEQN5LqFfl4i5/AGrXHTeq74Ytj960yMdpjIw9Fjb+JWuzjrjlNC/2fpvLNqjLkhvdgHYt/Ksdqc7MRor+MOyb4q4nsuHLQSXB8S4kB8G2Q+3JjqfQDuTVN6vq2ocQX33m/bmYHEUSe5CPJR+Z6n8K4Wkur+6a4u55Lm5k9+aQ5J/kPIDpXRcTxaXAGcc0z/wC7QHcn+XrWiumNa2XsROxzeRPTLDYxeLMQWzj5/wA66LCWW4LPKqxxgZA749fL4VEWckt4zXVyQzFuWMAbKvfHzzvTXomkPqc9tp4BxdNmUj9WEbsfpt8WFNlPI8mVjDXxHz7N9Pa30U30qlXviJFB7R49n67n503itcMaxIqRgKigBQOgHlW2uZJ69NyWLAoooqCQooooAKKKwSKAM1zX9/a6dayXV9PHBbxLzPLIwCqKgONuMrDhHTxcXgaaeXIgtoz7UhHf0A7mvnviXi/VeK7wz6nKWhQ80dtGCI4vgO526nf8qCcLH+0PjTS+JbW0stFnkmiWYyzs0LoDy7JjmG4zk7fs0pWZCK8rbKMn5DrUdYW0lvbc0mOaX2gVORjtXZcAmw8JCC0vs/Dz/CulTHjWYLHymL7+JN41xy8yhsyN5Enp+NMnBlt4sikrtzs5+W38K0SWX+ypYIQTiIhfNm/1qV0fk0u2MkrhUhgLOfPA3HzNHFx3QcuXSGK44rj0cziyAk1FIfCiyPZiLnmZ2+AVMDufTJCZHHJNMzu7SyyMWkkc5ZmPUk1x2F2l00hZmNwW55efqzHv8O3yqas1MUDOFLZPQdaKopLkv0LJPeJqurmHSrbmI5pW2RAfeP8AKlppJ7+6HO2ZZTgv05R3x6CunXIrpZVlu+QNLkhQc4Ufw6V2cO6ezMjMjGSUgKvcD/GobcpEr4InNH05pDCoi5YANj2wO1WlwJpgigk1ORMG5ASD0hG4P9o7/DlqH0vRTeXEdny4gRR94YfsfsA+bbj4Z9KsOJAiBVUAAYAHas19nL4odTDO2bBRRRWceFFFFABRRRQAGoriLV4dD0i51C4BZIV2QdXY7Ko9ScCpWkz7VlB4PuJHz4cc8Lvgb8vOAah+i0EnNJlKcTalPrd891qpMss0gYBGPLGvQKPTy+veoOayVJ/0Lsg35cfkfwqfngH3ONgQZJm8RfUkZHyG30qKujnkf94fj/rVKZck9Oh/0PHVM1x9YdGl6jDJbx2smY2jPIAegx0GamLOJpGEZA7kH86VbWxutS1VrOxjDySx8+C2Bgdc/WpHOv6DcGOe2E3KnOyE8+F6ZyN+3rXQr8jisZxp0OT2IzqgUcoGwqJ4lZ0trZB/u3mw3xwSPyrGncS2V0wWcNbSHs/uk+h/nit/Ei8+irMARyzoRkYPlT5zjKDxiIwlGfaFcOY51uBjmibOcdu4+madLdykSnl5kzuR2z3+FJSYkEq+aGnmxwbGA4G8a5B7nFLoftFrl6POo6Wbu5V3TmRAAo8+5/h9KZuGNKcystsizX2w5SfZhB/Wfy9B1NcOi6hoF7NBpGqa1NYTo5j5RGYzKM5UeI3TYgbbnGc71buk2Fjp9qsOnwRQw9QIx1PmT3PrSbL/AGkNhV6bMaRp6afZrCHaR/ekkYYLsepqQrAGOlZrMPCiiigAooooAKKKKAClrj6Fbjhqe3c+xO8cT47hmC/xpkJxS19oN5ZWnCmoPfXK26tHiFyMnxRumB3PMBUEr2U5Ho5gtoZp7iOb9GAqqCPXBz8fy8qXNUTkk5ScZYsfgP8AIqYn1JJ4VlU8quOYJn3Seq/Lt6EUt3l2WkeRjt0ois9Gqybktb0Y/sxjWbi+ZWI5lszgf2hmnDiC8XStd1ONYFlW70yOIFv1DzPuKqvhzVJ9F1iHU4V5mUkMh250IwR6f4CrJ1nUNM1+3h1GxuAwjhaO5UDLw7hlLL1xsRtnrUyTwX4zgrVz9FZ3lsX8e4I3Mz8yk7FBgZ+Nci3EwXwRPJ4AO0Zb2e3b5Uw8Q3WlrpltDpyXAu3BW6MpBXAYkFR25tjg9hS1jf4VetYinkzjKx8fR2W0iocucAqRmpi24oe2gWJ7ZH5BgOJeUY+GKXTzezy7Uz6JZaZc6mHiT+pQJ40xmIZjhMYPll8nHkKu7HF9Co0qabkQ+qahPqV0J/DiQOFV0xzI3XHX6Vcv2EcRtqGi3GjXJIuLB8xqTuYm6fQ5HzFUtDHjSJ7tlC+NOpRcdBz/AOv0pp+zG9bTvtG010Y8l6Ht5VHfK5B+oFLffZb8w+lBWa8oRjrXqqkBRRRQAUUUUAFFFYJoAj9Z1ODSrCS7uHVUUYHMcZY7AV82cfcSXHEmvySSTs9rakxwJn2cg7t8SfwxTj9uHEsk+sW+hWj4S0Txp2B/4jDAHxC/3qqxUZtkUnAzsOgq8F+kM7tOeW4K2cSs0r5CcoJJ+Q643rU9r4N6sOpI0ZzgIylMnt13rt0OJ1uxeKsh+7jK8kTNzHv0HcZFWEWt9V0trS4USwzx+w7ruueh3+RpM7+E11qHRqc4CNFpdvMfaaQD9kNt/hXS3D2mNjngLEdCZW2+hrZqlo2lGB4n54JSVKMcPC46oSfe74PUjFZtrtZF5g3Mo2Pp6V065V2LYnPsjZB4zH9BaXjH3U/KVx/GtEnDFpIp8CaWJu3Mecfjv+NSsTh9ga2bjcUxwi/wUrJf0SdT06402VRPgq3uOvRvT0NeLS5ZRdQx5HixYYjbPfBNN+pxm+tvuzQBwxBDMxHLjvtUXqY02xsYbRVi+8xvzFz1HcgkdzjGP5Vltrw11T0jtYYR/dNPj92LDvjtjp+Oa8W13cWN7a39mcTWsgkQ+RHSo/xizvLNzGSRssx6Z/ziuhJACAe/40lR6GN9n05wvxZY67ZWFzG6R/fYeeNC24ddnT4g/UGmVTmvm37Otb+46l/Qk1vFcWmoy5iSRwoWYrjG4/W9ny3Ar6B0SC7t7COO9k8SRc4PNzELn2QSepAwM98Ur0ySSoooqQCiiigArk1S8SwsLm7l9yCJnPyFdXalL7T5nj4Tu0jOGkVhkeSqzn+7+NAHzlqV3NqGoXd9cvzz3MzSO3mSfyxXRoN3Fp90008McuQMBxuPUf5+dcKpgKmNxgV4uG8NGY74G3xpsopxxlVJqWoeNR4lt7KGGZUkknniWSKJ9gEOcEncAfjS43E2qMR4UsVuo91YYhyj65qAQ5wG5nI90Hual7TQNUukL5hi22jcnJ9NulLr8dfi0ZZfL+ndZ63dXWowtfKt0oDB0IAL+yRnyJAJHr9K6zaRvzPbS98RyqdyPJx5jcb71A2qq5IKlHU4weqkdqmLN3u71baYlC59udBg9M4+eO/matv+T5L0Vx2LizbZtdSF4xbyycg9qW19oeXTrnr511o0yBlf+qxABjJdq/OwOR7KdT0PXFSbNc2Os3CiCPwnhXE8UZEcYwoBKjfbc4HnXdd26myh+7p4vjuDLdndnQb45ugGew23pVnnSXobX4cN7MQcKwammY9aujIu7RGMLG3xAIbH9qtFzptglk9i1nbrFzMjCM5SRgccw2BG+Rv3B69a2yX0em2L3Lam1rI0vhMFROZRjmzykEnPYjbPwpStLu9mkljgumREPPEHQMSpPc/H86t4UrJSfN6mU8uEYr49Cy8LQ3b2kmW5ZAvqRn+VOFxwvaS8zWsskAJ2Tqq/DvUPepJb38dzMxbxSA8gGAGHQ+nf8KabG650XmIydmHrW6utd6Y7LH00JuqadeWV4ixNujqYpscvKcjDHyAON+lfVGhXhvNLtpXkWSbwlEzLt+kAAbbtvmqX53T2olVmHQMcCmrQdWm0poZ45IRZvGRLCz43AzhSce0AGA6ZACnHs4TdTx7Qyq3l0WgKK02sy3EKSxnKOoZT5g1urOOCiiigAqC4osRqVuLRgCJYp0APmYyBU4K03EXiNGw96NuYfTH5E0AfKet2U+mapIs8bpDJJzwSPsHUnYfEdD6g1nVtHuLXQLXUpxyR3ErqqH3hyg9R2Pp8K+m20O0aVmeNWRjzNGyKysfPcbH4eVVb9s2lzWfDduDGvhrqks0bp0VJFb2T65Iq2t9AVVw9CJNTUsM+EmV9Cds09aYFk8NR+saRuHpcX7Y2DQ7/ABBp80a4W38NigP8BW+hJV6jFfrmKXE8YsuI7oJ7h5GI/e5cH+FSFnG0d5YswGJXjb/9Y/JqgNZnln1m+eYklpmAz2XsPpTBw/zX17pMA9p4yzP+6F3H92sN/wBHptp3kiz7GyE9rCwIUjZj54rRrHD8oiEmiNHDJnMluw/RTeuP1W9R88112F34UUVtEnPdPIEjVtlLE9z5DqfhU4NF1c+/f2GOuBaP/wCSuNCFku4nRc4x6ZQ/Gd1dNqVvb3tg9k0URwsnvSZY756HGDuPOs6axivLVv2+ZD81J/6ad/tg0a5h0e0upWt2aOfDKSSVD56E/qkgHGMg7ZIqvtKgvZZbWOF4wVDS4KlyigYJ67j2uldjxnkV0c6+PJt6Md1YRXSFSow3vBtwa5haTWy7Pzxjo3f51mOy1uTw0gmhlkkZ0VRH3U4x73x3rouOEOMY3QyQM0jL7EcWO/c9fxxXQd0UYv8AJ57OrT5HmUqxUFemTjNMXBlubbiUS3Tjwpl5og2+GTm5t/8Alb860aHwLrUdxavfu6pM3IxZQ3h4UtkgY2OMdfKm+DhnVJdRsjqFxZG1snWSH7tAUzg9GBYnJBI7jFZ77lJYh1NTi9Y6pjG1e68p0r1WUeFFFFAHgV7oooAKguMdPttT4Z1K1u05omgY7dQQMgiiiheyGfLWi+zqmB3Q5+tPNoBiMdsUUV0fH+rMnkfZCXyibVp/E3/SufxNOf2aQxyXV/dOuZUCxqfIHr+VFFcrzX8GdHxV8h0gYx8QacV6i7jH1OD+BNWb0zRRWXxfoO8n7IR+JI01DReJ/vaiTPNAAf1VRVK49csxz5mon7FNJtFtr+/Kl7gsbfL7gIrEYA9cAmiitNfozy9E/G6x67MYYo48XMbgIuPa5/BJ+aNg/AHzy68o6YrFFMKGSM4rIAooqQM4rNFFABRRRQB//9k=', 1, 1, '2024-11-04 04:49:37', '2024-11-21 22:46:45'),
	(2, 'Daniela', 'Lopez', '47895632', 'gerente', 'gerente@tienda.com', 'password2', 'San Pedro', NULL, 2, 1, '2024-11-04 04:49:37', '2024-11-21 22:12:44'),
	(3, 'Sebastian', 'Rocop', '78965412', 'cliente1', 'cliente1@correo.com', 'password3', 'Xelaa', '/9j/4AAQSkZJRgABAQAAAQABAAD/2wCEAAkGBwgHBgkIBwgKCgkLDRYPDQwMDRsUFRAWIB0iIiAdHx8kKDQsJCYxJx8fLT0tMTU3Ojo6Iys/RD84QzQ5OjcBCgoKDQwNGg8PGjclHyU3Nzc3Nzc3Nzc3Nzc3Nzc3Nzc3Nzc3Nzc3Nzc3Nzc3Nzc3Nzc3Nzc3Nzc3Nzc3Nzc3N//AABEIAJQApQMBIgACEQEDEQH/xAAaAAEAAwEBAQAAAAAAAAAAAAAAAQQFAgMH/8QALhABAAIBAgMGBQQDAAAAAAAAAAECAwQREiExBTJBUWFxEzNykbEiU2KhFEJS/8QAFgEBAQEAAAAAAAAAAAAAAAAAAAEC/8QAFhEBAQEAAAAAAAAAAAAAAAAAAAER/9oADAMBAAIRAxEAPwD6oA0wAAAAAADqtZtO1YmZ8oe9dFmt1iI95DFYW50GXwmv3eV9NmpztSdvOOaaY8QFAAAAAAAAAAAAAAErGl005p4rcqfl56fDObLw78o5zPo1q1isRERtEIsiMeOmONqViI9HYI0AAr59NTLziNrecMzJjtjtNbxtLbV9Xg+NjnbleOkrEsZQlCsgAAAAAAAAAAANLs6kRjm+3elbeGj5aens92WoACgAAAMnV04M9uXXm8FztH5lJ/iptRigAAAAAAAAAAJBqaG3Fp6+m8LDN0GXhvNJ/wBvy0ma1AAUAABze0UrNpnlHMGd2haJzxH/ADVVdXtN72vPjzctMAAAAAAAAAAAAJ9p2aWl1MZIil52v+WaJhG4M7Drr1jbJHFHn4rNNZht1tw/VCNasDx/ysP7lXlk12OO5Frf1Aq1aYrEzM7RHizdZqPjTw07kf2882oyZuVp/T5Q8lxm1ACoAAAAAAAAAAA6rWbTtWN58oByLmLQ2nnknh9IWqaTDTpTf35pq4yoiZ6RM+zuMWSemO32bEViOkbeyTVxjfAy/t2+yJx3jrS32bSNjTGGNq2Ol4/VWJ94eGTQ4rd3es+hqYzBYy6XLjjfbijzhXVAAAAAAAABKFnSYPjW3nuR19SiNPprZp3nlTzaWPFTHXasbOqxFY2jlEJZaABQAAAAABW1Gkrljeu1befmsoBjZMdsduG0bS5a2ow1zU2nlMdJZWSs0vNLRzhWccgKgAAADqtZtaKx4zs2MVIx0iseEM7QV4tRE7d2N2olWACNAAAAAAAAAAI8VPtDFvSMkda9fZdcZaRfHau3WAYyEz1mENMAAAALnZvzb/S0Wd2b82/0tFlqAAoAAAAAAAAAAADDt3p90Jt3p90NRgAAABc7N+bf6WiDLUABQAAAAAAAAAAAGHbvT7oBqMAAP//Z', 3, 1, '2024-11-04 04:49:37', '2024-11-21 22:12:48'),
	(4, 'Diego', 'Alvarado', '87985462', 'cliente2', 'cliente2@correo.com', 'password4', 'Xelas', '/9j/4AAQSkZJRgABAQAAAQABAAD/2wCEAAkGBwgHBgkIBwgKCgkLDRYPDQwMDRsUFRAWIB0iIiAdHx8kKDQsJCYxJx8fLT0tMTU3Ojo6Iys/RD84QzQ5OjcBCgoKDQwNGg8PGjclHyU3Nzc3Nzc3Nzc3Nzc3Nzc3Nzc3Nzc3Nzc3Nzc3Nzc3Nzc3Nzc3Nzc3Nzc3Nzc3Nzc3N//AABEIAJQApQMBIgACEQEDEQH/xAAaAAEAAwEBAQAAAAAAAAAAAAAAAQQFAgMH/8QALhABAAIBAgMGBQQDAAAAAAAAAAECAwQREiExBTJBUWFxEzNykbEiU2KhFEJS/8QAFgEBAQEAAAAAAAAAAAAAAAAAAAEC/8QAFhEBAQEAAAAAAAAAAAAAAAAAAAER/9oADAMBAAIRAxEAPwD6oA0wAAAAAADqtZtO1YmZ8oe9dFmt1iI95DFYW50GXwmv3eV9NmpztSdvOOaaY8QFAAAAAAAAAAAAAAErGl005p4rcqfl56fDObLw78o5zPo1q1isRERtEIsiMeOmONqViI9HYI0AAr59NTLziNrecMzJjtjtNbxtLbV9Xg+NjnbleOkrEsZQlCsgAAAAAAAAAAANLs6kRjm+3elbeGj5aens92WoACgAAAMnV04M9uXXm8FztH5lJ/iptRigAAAAAAAAAAJBqaG3Fp6+m8LDN0GXhvNJ/wBvy0ma1AAUAABze0UrNpnlHMGd2haJzxH/ADVVdXtN72vPjzctMAAAAAAAAAAAAJ9p2aWl1MZIil52v+WaJhG4M7Drr1jbJHFHn4rNNZht1tw/VCNasDx/ysP7lXlk12OO5Frf1Aq1aYrEzM7RHizdZqPjTw07kf2882oyZuVp/T5Q8lxm1ACoAAAAAAAAAAA6rWbTtWN58oByLmLQ2nnknh9IWqaTDTpTf35pq4yoiZ6RM+zuMWSemO32bEViOkbeyTVxjfAy/t2+yJx3jrS32bSNjTGGNq2Ol4/VWJ94eGTQ4rd3es+hqYzBYy6XLjjfbijzhXVAAAAAAAABKFnSYPjW3nuR19SiNPprZp3nlTzaWPFTHXasbOqxFY2jlEJZaABQAAAAABW1Gkrljeu1befmsoBjZMdsduG0bS5a2ow1zU2nlMdJZWSs0vNLRzhWccgKgAAADqtZtaKx4zs2MVIx0iseEM7QV4tRE7d2N2olWACNAAAAAAAAAAI8VPtDFvSMkda9fZdcZaRfHau3WAYyEz1mENMAAAALnZvzb/S0Wd2b82/0tFlqAAoAAAAAAAAAAADDt3p90Jt3p90NRgAAABc7N+bf6WiDLUABQAAAAAAAAAAAGHbvT7oBqMAAP//Z', 3, 1, '2024-11-04 04:49:37', '2024-11-21 22:14:29'),
	(6, 'Juan', 'Pérez', '1234567890', 'juanperez', 'juan.perez@example.com', '$2y$12$j68eLHwEUZVL0Fi7MgupnOrxK888kviz2Ekjkz26Oxry1mwlmNHcC', 'Calle Falsa 123', '/9j/4AAQSkZJRgABAQAAAQABAAD/2wCEAAkGBwgHBgkIBwgKCgkLDRYPDQwMDRsUFRAWIB0iIiAdHx8kKDQsJCYxJx8fLT0tMTU3Ojo6Iys/RD84QzQ5OjcBCgoKDQwNGg8PGjclHyU3Nzc3Nzc3Nzc3Nzc3Nzc3Nzc3Nzc3Nzc3Nzc3Nzc3Nzc3Nzc3Nzc3Nzc3Nzc3Nzc3N//AABEIAJQApQMBIgACEQEDEQH/xAAaAAEAAwEBAQAAAAAAAAAAAAAAAQQFAgMH/8QALhABAAIBAgMGBQQDAAAAAAAAAAECAwQREiExBTJBUWFxEzNykbEiU2KhFEJS/8QAFgEBAQEAAAAAAAAAAAAAAAAAAAEC/8QAFhEBAQEAAAAAAAAAAAAAAAAAAAER/9oADAMBAAIRAxEAPwD6oA0wAAAAAADqtZtO1YmZ8oe9dFmt1iI95DFYW50GXwmv3eV9NmpztSdvOOaaY8QFAAAAAAAAAAAAAAErGl005p4rcqfl56fDObLw78o5zPo1q1isRERtEIsiMeOmONqViI9HYI0AAr59NTLziNrecMzJjtjtNbxtLbV9Xg+NjnbleOkrEsZQlCsgAAAAAAAAAAANLs6kRjm+3elbeGj5aens92WoACgAAAMnV04M9uXXm8FztH5lJ/iptRigAAAAAAAAAAJBqaG3Fp6+m8LDN0GXhvNJ/wBvy0ma1AAUAABze0UrNpnlHMGd2haJzxH/ADVVdXtN72vPjzctMAAAAAAAAAAAAJ9p2aWl1MZIil52v+WaJhG4M7Drr1jbJHFHn4rNNZht1tw/VCNasDx/ysP7lXlk12OO5Frf1Aq1aYrEzM7RHizdZqPjTw07kf2882oyZuVp/T5Q8lxm1ACoAAAAAAAAAAA6rWbTtWN58oByLmLQ2nnknh9IWqaTDTpTf35pq4yoiZ6RM+zuMWSemO32bEViOkbeyTVxjfAy/t2+yJx3jrS32bSNjTGGNq2Ol4/VWJ94eGTQ4rd3es+hqYzBYy6XLjjfbijzhXVAAAAAAAABKFnSYPjW3nuR19SiNPprZp3nlTzaWPFTHXasbOqxFY2jlEJZaABQAAAAABW1Gkrljeu1befmsoBjZMdsduG0bS5a2ow1zU2nlMdJZWSs0vNLRzhWccgKgAAADqtZtaKx4zs2MVIx0iseEM7QV4tRE7d2N2olWACNAAAAAAAAAAI8VPtDFvSMkda9fZdcZaRfHau3WAYyEz1mENMAAAALnZvzb/S0Wd2b82/0tFlqAAoAAAAAAAAAAADDt3p90Jt3p90NRgAAABc7N+bf6WiDLUABQAAAAAAAAAAAGHbvT7oBqMAAP//Z', 1, 1, '2024-11-17 14:33:42', '2024-11-17 14:33:42'),
	(7, 'Jose', 'Garcia', '123456789', 'jlopez', 'correprueba@gmail.com', '$2y$12$AGCTENzCFYPqh9L9o3Yr0.5f/YV.GHu0ZNOjL/OT5iKK2jnGMR1lC', 'Mi Casa', '/9j/4AAQSkZJRgABAQAAAQABAAD/2wCEAAkGBwgHBgkIBwgKCgkLDRYPDQwMDRsUFRAWIB0iIiAdHx8kKDQsJCYxJx8fLT0tMTU3Ojo6Iys/RD84QzQ5OjcBCgoKDQwNGg8PGjclHyU3Nzc3Nzc3Nzc3Nzc3Nzc3Nzc3Nzc3Nzc3Nzc3Nzc3Nzc3Nzc3Nzc3Nzc3Nzc3Nzc3N//AABEIAJQApQMBIgACEQEDEQH/xAAaAAEAAwEBAQAAAAAAAAAAAAAAAQQFAgMH/8QALhABAAIBAgMGBQQDAAAAAAAAAAECAwQREiExBTJBUWFxEzNykbEiU2KhFEJS/8QAFgEBAQEAAAAAAAAAAAAAAAAAAAEC/8QAFhEBAQEAAAAAAAAAAAAAAAAAAAER/9oADAMBAAIRAxEAPwD6oA0wAAAAAADqtZtO1YmZ8oe9dFmt1iI95DFYW50GXwmv3eV9NmpztSdvOOaaY8QFAAAAAAAAAAAAAAErGl005p4rcqfl56fDObLw78o5zPo1q1isRERtEIsiMeOmONqViI9HYI0AAr59NTLziNrecMzJjtjtNbxtLbV9Xg+NjnbleOkrEsZQlCsgAAAAAAAAAAANLs6kRjm+3elbeGj5aens92WoACgAAAMnV04M9uXXm8FztH5lJ/iptRigAAAAAAAAAAJBqaG3Fp6+m8LDN0GXhvNJ/wBvy0ma1AAUAABze0UrNpnlHMGd2haJzxH/ADVVdXtN72vPjzctMAAAAAAAAAAAAJ9p2aWl1MZIil52v+WaJhG4M7Drr1jbJHFHn4rNNZht1tw/VCNasDx/ysP7lXlk12OO5Frf1Aq1aYrEzM7RHizdZqPjTw07kf2882oyZuVp/T5Q8lxm1ACoAAAAAAAAAAA6rWbTtWN58oByLmLQ2nnknh9IWqaTDTpTf35pq4yoiZ6RM+zuMWSemO32bEViOkbeyTVxjfAy/t2+yJx3jrS32bSNjTGGNq2Ol4/VWJ94eGTQ4rd3es+hqYzBYy6XLjjfbijzhXVAAAAAAAABKFnSYPjW3nuR19SiNPprZp3nlTzaWPFTHXasbOqxFY2jlEJZaABQAAAAABW1Gkrljeu1befmsoBjZMdsduG0bS5a2ow1zU2nlMdJZWSs0vNLRzhWccgKgAAADqtZtaKx4zs2MVIx0iseEM7QV4tRE7d2N2olWACNAAAAAAAAAAI8VPtDFvSMkda9fZdcZaRfHau3WAYyEz1mENMAAAALnZvzb/S0Wd2b82/0tFlqAAoAAAAAAAAAAADDt3p90Jt3p90NRgAAABc7N+bf6WiDLUABQAAAAAAAAAAAGHbvT7oBqMAAP//Z', 1, 1, '2024-11-17 15:18:27', '2024-11-17 15:18:27'),
	(8, 'Jose', 'Garcia', '41439985', 'melany', 'broly@gmail.com', '$2y$12$8TspJijC.XOQ65LBA0fT/OJXDqlHOwv6HAfZcmEUGJ0kfk1vS0dyS', 'mi casa', '/9j/4AAQSkZJRgABAQAAAQABAAD/2wCEAAkGBwgHBgkIBwgKCgkLDRYPDQwMDRsUFRAWIB0iIiAdHx8kKDQsJCYxJx8fLT0tMTU3Ojo6Iys/RD84QzQ5OjcBC...', 3, 1, '2024-11-17 15:34:13', '2024-11-17 15:34:34'),
	(9, 'Enrique', 'Rodriguez', '45871263', 'Kike', 'kike12@gmail.com', '$2y$12$cFiEwnmn8QDmb4GhMH/ZRulhvDoPcSFmF28fTIUd1vt4BS0jlOjLy', 'Totonicapan', NULL, 1, 1, '2024-11-22 03:58:55', '2024-11-21 22:15:41');

-- Dumping structure for table tiendaweb.ventas
CREATE TABLE IF NOT EXISTS `ventas` (
  `id_venta` int(11) NOT NULL AUTO_INCREMENT,
  `id_tienda` int(11) DEFAULT NULL,
  `id_usuario` int(11) DEFAULT NULL,
  `direccion` varchar(250) NOT NULL DEFAULT '0',
  `fecha_venta` date DEFAULT NULL,
  `estado` tinyint(4) DEFAULT NULL,
  `metodopago` varchar(50) NOT NULL,
  `metodoentrega` varchar(50) NOT NULL,
  `total` decimal(10,2) DEFAULT NULL,
  `fecha_entrega` date DEFAULT NULL,
  PRIMARY KEY (`id_venta`),
  KEY `id_usuario` (`id_usuario`),
  KEY `fk_id_tienda` (`id_tienda`),
  CONSTRAINT `fk_id_tienda` FOREIGN KEY (`id_tienda`) REFERENCES `tiendas` (`id_tienda`),
  CONSTRAINT `ventas_ibfk_1` FOREIGN KEY (`id_usuario`) REFERENCES `usuarios` (`id_usuario`)
) ENGINE=InnoDB AUTO_INCREMENT=32 DEFAULT CHARSET=utf8mb4 COLLATE=utf8mb4_general_ci;

-- Dumping data for table tiendaweb.ventas: ~12 rows (approximately)
INSERT INTO `ventas` (`id_venta`, `id_tienda`, `id_usuario`, `direccion`, `fecha_venta`, `estado`, `metodopago`, `metodoentrega`, `total`, `fecha_entrega`) VALUES
	(16, 1, 3, '9va enidad', '2024-10-19', 1, 'efectivo', 'envio', 18785.25, NULL),
	(18, 2, 3, '9va enidad', '2024-11-05', 1, 'efectivo', 'envio', 360.00, NULL),
	(21, 2, 3, 'asaasa', '2024-11-08', 1, 'efectivo', 'envio', 7500.00, NULL),
	(22, 4, 3, 'AQUI', '2024-11-11', 1, 'efectivo', 'envio', 30200.00, NULL),
	(23, 3, 3, 'Mi Casa', '2024-11-15', 1, 'efectivo', 'envio', 249.99, NULL),
	(24, 3, 3, 'Mi Casa', '2024-11-19', 1, 'Pago contra entrega', 'envio', 249.99, NULL),
	(25, 2, 3, '9va enidad san arcos', '2024-11-20', 1, 'Depósito', 'envio', 11560.00, NULL),
	(26, 5, 3, 'Quetzaltenango', '2024-11-21', 1, 'Depósito', 'envio', 2400.00, NULL),
	(27, 3, 3, '8va 7ma calle 6-15 zona 4, Quetzltenango', '2024-11-21', 1, 'Pago contra entrega', 'envio', 9999.98, NULL),
	(28, 2, 4, 'Centro Comercial Pradera Escuintla', '2024-11-21', 1, 'Pagar en tienda', 'recoger', 18700.00, NULL),
	(29, 2, 3, 'Centro Comercial Pradera Escuintla', '2024-11-21', 1, 'Pagar en tienda', 'recoger', 11200.00, NULL),
	(30, 3, 3, 'Centro Comercial Las Américas', '2024-11-21', 1, 'Pagar en tienda', 'recoger', 10249.97, NULL),
	(31, 5, 3, '57ª Calle 35-67 Zona 24, Guatemala, Guatemala.', '2024-11-21', 1, 'Depósito', 'envio', 12385.25, NULL);

/*!40103 SET TIME_ZONE=IFNULL(@OLD_TIME_ZONE, 'system') */;
/*!40101 SET SQL_MODE=IFNULL(@OLD_SQL_MODE, '') */;
/*!40014 SET FOREIGN_KEY_CHECKS=IFNULL(@OLD_FOREIGN_KEY_CHECKS, 1) */;
/*!40101 SET CHARACTER_SET_CLIENT=@OLD_CHARACTER_SET_CLIENT */;
/*!40111 SET SQL_NOTES=IFNULL(@OLD_SQL_NOTES, 1) */;
